MLS Number,Last Change Timestamp,Type,Status,List Price,Street #,Street Dir,Street Name,Street Type,Unit #,Building #,City,State,Zip Code,County,Parcel Number,Locale,Complex Name,Incorporated,Total Baths,Total Bedrooms,Bathrooms Total Basement,Bathrooms Total Lower,Bathrooms Total Main,Bathrooms Total Upper,Bedrooms Total Basement,Bedrooms Total Lower,Bedrooms Total Main,Bedrooms Total Upper,SqFt Above,SqFt Finished,SqFt Total,Date Measured,Measurement Source,PSF Total,PSF Finished,PSF Above Grade,Garage Spaces Count,Total Parking Spaces,Total Garage Spaces,Total Carport Spaces,Total Offstreet Spaces,Total Reserved Spaces,Total RV Spaces,Parking Features,Property Information,Construction Details,Interior Features,Smart Home Features,Laundry,Flooring,Appliances,# Fireplaces,Fireplace Types,Fireplace Locations,Heating Type,Fuel Type,Cooling,Other HVAC,Exterior Features,Public Remarks,Broker Remarks,Basement Size,Basement % Finished,Basement Finished,SqFt Basement,Basement Type,Subfloor / Foundation Type,SqFt Lower,SqFt Main,SqFt Upper,SqFt Other Finished,Other Finished Description,Style,Exterior Materials,Construction,Architecture,Roofing Material,Builder Name,Model,Year Built,End Unit,# of Stories in this Unit,Unit Floor Level,Unit Count,Style Characteristics,Elementary School,Middle School,High School,School District,School Of Choice,HOA Y/N,Multiple HOAs,Master HOA,Master HOA Fee,Master HOA Fee Quoted,Master HOA Phone #,Master HOA Website,Master HOA Type,2nd HOA,2nd HOA Fee,2nd HOA Fee Quoted,2nd HOA Phone #,2nd HOA Website,2nd HOA Type,3rd HOA,3rd HOA Fee,3rd HOA Fee Quoted,3rd HOA Phone #,3rd HOA Website,3rd HOA Type,HOA Includes,Restrictions & Covenants,Site Description,Site Type,Site Topography,Front Faces,Views,Water/Mineral Rights,Primary Access,Accessed By,Horse Property,Livestock (Other Animals Allowed),Horse Property Features,Outdoor Arena SqFt (Horse),Paddocks SqFt (Horse),Outbuildings Available,# of Additional Structures,Zoning,Lot Size Acres,Lot Size SqFt,Water Source,Well Type,Well Depth,Permitted Well Uses,Sewer,Financial Terms,Earnest Check To,Minimum Earnest Amount,Title Company,Possession,Exclusions,Submitted Prospect,Buyer Agency Compensation,Transaction Broker Compensation,Variable Commission,Limited Service,Listing Contract Type,Other Listing Contract Type,Taxes,Tax Year,Senior Tax Exemption,Directions,DOM,CDOM,List Date,Original List Price,Listing Agent Name,Listing Agent ID,Listing Agent Direct Work Phone,Listing Agent Email,Listing Office Name,Listing Office ID,Listing Office Phone,Showing Phone,Showing Email,Showing Notes,Status Contractual Search Date,Under Contract Date,Sold Date,Sold Price,Appraised Value,Concession Amount,Concessions,Sold Term,Broker Buyer Paid By,Seller Type,Selling Agent Name,Selling Agent ID,Selling Office Name,Selling Office ID,Co Selling Agent Direct Work Phone,Co Selling Agent Email,Co Selling Agent ID,Co Selling Agent Name,Co Selling Office ID,Co Selling Office Name,Co Selling Office Phone,Virtual Tour URL Unbranded,Latitude,Longitude,Walk Score,HERS Rating Year Certified,Home Energy Score,HERS Score,Energy Star Qualified Home Year Certified ,LEED Year Certified,LEED Level,NAHB/ICC-700 Year Certified,NAHB/ICC-700 Level,Solar PV Year Installed,Solar PV Kilowatts,Solar Thermal Year Installed,Solar Thermal Type,Green Other Certifications,Energy Green Features Addendum Uploaded,Distance To Bus,Distance To Light Rail,Distance To Other Transit,Public Transit Distance Type,HOA Transfer Amount,HOA Transfer Based On,Acres Crop,Acres Cultivate,Acres Irrigated,Acres Leased,Acres Pasture,Irrigation Type,Possible Use,Other Available Utilities,Fence,Survey,Features 
6950238,5/21/2016 12:55,Rental,Leased,4300,22621,,Indian Head,Road,,,Golden,CO,80403,Jefferson,199546,Coal Creek Canyon,,,3,5,1,0,2,0,3,0,2,0,2296,2296,4592,,,0.96,1.92,1.92,,2,2,0,0,0,0,,,,"Eating Space / Kitchen, Kitchen Island, Master Suite, Remodeled",,Washer/Dryer Included,"Carpet, Tile Floor, Wood Floors","Dishwasher, Disposal, Double Oven, Dryer, Microwave Oven, Refrigerator (Kitchen), Smoke Alarm, Stove/Range/Oven, Washer",1,,,Forced Air,,Air Conditioning-Central,,"Deck, Hot Tub/Spa","Come see this serene home in Golden! Ornate doors welcome you to the Living room with a cozy gas fireplace. Enjoy the brand new carpet, paint, travertine tile, remodeled bathrooms and newly remodeled kitchen. The kitchen features stainless steel appliances, and gorgeous granite countertops. Off of the dining room is a craft room and laundry room. Upstairs there is a master bedroom with master bath, as well as a second bedroom and guest bathroom. Downstairs there are three addiitional bedrooms, an office, a huge family room with wood burning fireplace as well as a bathroom.  The backyard has a top of the line Jennair barbecue, and an amazing pond that is fed by a waterfall . This home is surrounded by 45 acres of serene living with beautiful mountain and city views!  This neighborhood has lush meadows, springs and ponds that attract elk and deer. It is close to metro Denver for such a pristine alpine property. Quaint downtown Golden and Boulder are both a short drive away.","10-20% of Listing Broker's commission, after company split. Dependent upon Co-op Agent involvement in the process (determined by listing Broker). Please send Broker Referral Agreement prior to lease execution.",Full,,,,,,,,,,,Raised Ranch,,,,,,,1994,,,,,,West Woods,Drake,Ralston Valley,Jefferson R-1,,,,,,,,,,,,,,,,,,,,,,,Dogs OK,Adjacent to Open Space,,,,,,,,,,,,,,,,43,1899825,,,,,,,Colorado and Company,,,,"**Dogs considered with refundable pet deposit **Security deposit is equal to one month's rent **Owner pays hot tub maintenance, landscaping **Tenant pays all utilities, including gas, electric, septic, water **Application fee is $50/adult",,,10%,,,,,,,,,38,38,4/13/2016 0:00,4500,Strawberry Melissa Windholz,48682,720-557-9980,Strawberry@Coloradoandcompany.com,"Colorado and Company Real Estate, Inc",COCO1,720-255-2294,720-557-9980,strawberry@coloradoandcompany.com,Please contact listing agent to schedule a showing.,5/14/2016 0:00,,,,,0,,,,,,,,,,,,,,,,,39.845354,-105.265147,0,,,,,,,,,,,,,,,,,,,,,,,,,,,,,,,
7199893,9/19/2016 14:17,Rental,Leased,4500,1430,,Lodge,Lane,,,Boulder,CO,80303,Boulder,R0108569,,,,4,5,1,0,1,2,2,0,0,3,3031,4509,4509,,,0.98,0.98,1.45,,2,2,0,0,0,0,,,,"Cable Available, Master Bath, Master Suite, Vaulted",,Washer/Dryer Included,,"Cook Top, Dishwasher, Disposal, Dryer, Microwave Oven, Refrigerator (Kitchen), Washer",,,,Forced Air,,Air Conditioning-Central,,"Fence, Front Porch, Hot Tub/Spa, Patio, Pool, Private, Professional Landscaping, Sprinkler System, Water Feature","Premier Boulder Rental Listing. This beautiful home features Colorado lifestyle at its best! Located on a 8,320 sqft  with lot West facing mountain views and  easy access to open space and trails, Hwy 36 and Hospital. This large luxury home features a Tuscan inspired backyard that is perfect for entertaining and includes a 50 ft long lap pool with cover and salt chorination system, 10 person hot tub, covered seating areas, water feature and fire pit. The outdoors space has easy access to the walk-out basement with recreation room and wet bar. The interior of the home features an updated kitchen with granite, Italian floor, spacious formal dining and living rooms and private master suite with two other guest bedrooms on the 2nd floor. It also features a mainfloor bedroom or office with access to a mainfloor full bathroom that is perfect for any guests or family that need one floor living. (NO MORE THAN TWO NON RELATED OCCUPANTS - NO 3+ ROOMMATES)","*Available with 13-30 days notice *9-21 Month Lease Term preferred *Dog conditional with Extra Deposit ($1000/pet) *Owner pays for Landscaping & Pool biweekly maintenance *NO SMOKING *Xcel w/o pool is $175/month average *Xcel w/ pool is additional $300 May-Sept *Trash & Recycle is $100 every 2 months *Security is $40-50/month if desired Coop-Broker Referral policy: Referral is 10-20% of Listing Broker's commission, after company split, dependent upon Co-op Agent involvement in the process: 10% for only referring client and/or attending showing; 20% applies for participation in all of the following: attending the showing, facilitating the application, lease negotiation, collection of monies, and attending the walkthrough). Please send Broker Referral Agreement prior to approval of application, and provide Company Policy info for payment.",Full,,TRUE,1478,Walk-Out,,,1527,1504,,,2 Story,,,,,,,1992,,,,,,Eisenhower,Manhattan,Fairview,Boulder Valley RE-2,,,,,,,,,,,,,,,,,,,,,,,Dogs OK,,,,West,,,,,,,,,,,,,,,,,,,,,Colorado & Company,,,,Staging furniture,,,20%,,,,,,,,,56,56,7/25/2016 0:00,4500,Christina Freyer Walker,6408,720-255-2294,christina@coloradoandcompany.com,"Colorado and Company Real Estate, Inc",COCO1,720-255-2294,7202447734,christina@coloradoandcompany.com,If Christina Walker is unavailable to show please contact Kim Finnigan at 720.339.8550 or kimfinnigan007@gmail.com.,9/19/2016 0:00,,,,,0,None,,Owner,,,,,,,,,,,,,,40.011385,-105.226192,53,,,,,,,,,,,,,,,,,,,,,,,,,,,,,,,
4938446,10/7/2016 14:24,Rental,Leased,3000,13635,,Mariposa,Street,,,Westminster,CO,80023,Broomfield,R8869711,,,,4,5,0,3,0,1,0,2,0,3,,,3662,,,0.83,,,,2,2,0,0,0,0,,,,,,,,,,,,Forced Air,,Air Conditioning-Central,,,,,,,,,,,,,,,,,,,,,,,2016,,,,,,,,,Adams 12 5 Star Schl,,,,,,,,,,,,,,,,,,,,,,,,,,,,,,,,,,,,,,,,,,,,,,,,,,,,,,,"$1,500 ",,,,,,,,,15,15,9/22/2016 0:00,3000,Mike Gold,19692,303-666-6500,MGOLD@REMAX.NET,RE/MAX ALLIANCE,0185B,303-666-6500,(720) 399-4770,,SCHEDULE A SHOWING ONLINE AT: showmojo.com/lh/a3f71ae03b,10/2/2016 0:00,,,,,0,,,,,,,,,,,,,,,,,39.944212,-105.003447,32,,,,,,,,,,,,,,,,,,,,,,,,,,,,,,,
7588649,5/12/2016 10:29,Rental,Leased,3000,15705,W,94th,Avenue,,,Arvada,CO,80007,Jefferson,457595,Candelas,,,3,4,0,0,1,2,0,0,0,4,2696,2696,3668,,,0.82,1.11,1.11,,3,3,0,0,0,0,,,,"Cable Available, Double Pane Windows, Eating Space / Kitchen, Five Piece Bath, Internet Access (Wired), Kitchen Island, Master Bath, Master Suite, Security System, Smoke Free, Walk-in Closets",,,"Carpet, Wood Floors",,1,,,Forced Air,"Gas, Solar",Air Conditioning-Central,Humidifier,"Covered Deck, Fence, Front Porch, Solar, Sprinkler System, Yard","Beautiful 4 bedroom home in Candelas, the kitchen is a Chef's dream, stainless appliances upgraded stove, built in wine rack, large pantry, granite countertops, beautiful wood floors throughout the first floor. Fenced yard with sprinkler system, solar system with a lifetime lease makes this home very energy efficient.  Fireplace in the Great Room.  Large Master Suite, spacious bathroom, large walk-in closet. Large unfinished basement. Construction is completed on this block, the Fitness Center and playground is directly across the street.  Save the cost of a gym membership.  Take a tour this home is hard to resist.",,Partial,,FALSE,972,Cellar,,,,,,,2 Story,,,Contemporary,,,,2015,,,,,,Meiklejohn,Wayne Carle,Ralston Valley,Jefferson R-1,,,,,,,,,,,,,,,,,,,,,,,"Cats OK, Dogs OK",,,,,,,,,,,,,,,,,,,Public,,,,Public,,Higher Ground Homes,,,,,,,$200.00 ,,,,,,,,"PLEASE NOTE GOOGLE MAPS WILL LEAD TO WRONG LOCATION.  THEY HAVE NOT UPDATED FOR ALL OF CANDELAS YET. FROM INDIANA AVE TURN INTO THE CANDELAS SUBDIVISION.  TURN RIGHT ONTO MCINTYRE, THEN THE FIRST LEFT ONTO 94TH AVE.  THE HOUSE IS THE 3RD HOUSE ON THE RIGHT. Please give one hour notice for all showings.  If muddy leave shoes at front door, booties are provided.",35,35,4/7/2016 0:00,3000,Dolores St. Denis,36656N,303-956-2662,dolores@highergroundhomes.com,Higher Ground Homes,M2701,303-956-2662,303-956-2662,dolores@highergroundhomes.com,One hour notice required.,5/11/2016 0:00,,,,,0,,,,,,,,,,,,,,,,,39.867946,-105.174961,0,,,,,,,,,,,,,,,,,,,,,,,,,,,,,,,
1658749,4/30/2016 11:31,Rental,Leased,2950,4080,,Crystal,Court,,,Boulder,CO,80304,Boulder,R0104053,Boulder,Sundance,,3,2,0,0,1,2,0,0,0,2,1298,1298,1298,,,2.27,2.27,2.27,,2,2,0,0,0,0,,,,"Eating Space / Kitchen, Fully Furnished, Open Floor Plan, Pet Free, Remodeled, Skylights, Smoke Free, Vaulted, Walk-in Closets",,Washer/Dryer Included,"Carpet, Wood Floors","Dishwasher, Dryer, Freezer, Microwave Oven, Refrigerator (Kitchen), Stove/Range/Oven, Washer",,,,Forced Air,"Electric, Gas",Ceiling Fan,,"Deck, Fence, Professional Landscaping, Sprinkler System","Step inside this totally renovated 2-story,and you are greeted by expansive and bright living spaces. 2 bedrooms with 2 full bathrooms and a half bath on the main level, loft space for an office/den.Gorgeous state-of-the-art kitchen with granite counters, stainless appliances, and a separate dining room. The high-end finishes are everywhere in this home: red oak hardwood floors on the main level, plush carpeting upstairs, designer interior/exterior paint, two new Ultra HD-Smart TVs, DVD player and stereo in large entertainment center. . .you'll appreciate the extensive use of the finest materials. 2 car garage plus extra guest parking available. Nestled on a quiet cul-de-sac adjacent to two beautiful parks, yet just a stone's throw from all the amenities and luxuries of Boulder living. Walking and biking trails galore, close to public transit, just 5 minutes to Pearl Street Mall, 10 minutes to 29th Street Mall. Truly a GEM!",,None,,,,,,,610,688,,,2 Story,,,,,,,1987,,,,,,Crest View,Centennial,Boulder,Boulder Valley RE-2,,,,,,,,,,,,,,,,,,,,,,,,"Adjacent to Park, Cul-de-Sac, Near Public Transit",,,,,,,,,,,,,,,,,,,,,,,,Professional Realty Operations,,,,,,,$1.00 ,,,,,,,,"From US-36 and Jay Road, head west on Jay Road and turn left onto Amber Street. Turn right onto 1st street: Crystal Court. Beautiful 2-story home on your left.",111,111,1/10/2016 0:00,2950,COLLEEN VANDENDRIESSCHE,227231,303-449-3444,colleen@relopros.com,PRO PROF REALTY OPERATIONS,9476,303-449-3444,303-449-3444,info@relopros.com,24 hours advance notice preferred for your showing delight.,4/30/2016 0:00,,,,,0,,,,,,,,,,,,,,,,,40.048883,-105.260922,18,,,,,,,,,,,,,,,,,,,,,,,,,,,,,,,
3776877,9/15/2016 22:26,Rental,Leased,2795,1380,,Reliance,Place,,,Erie,CO,80516,Weld,R1482002,,,,5,4,0,0,2,3,0,0,0,4,3779,3779,5751,,,0.49,0.74,0.74,,4,4,0,0,0,0,,,,"Cable Available, Five Piece Bath, Jack & Jill Bath, Kitchen Island, Master Bath, Master Suite, Open Floor Plan, Walk-in Closets, Window Coverings",,W/D Hookups in Unit,"Carpet, Tile Floor, Vinyl/Linoleum, Wood Floors","Cook Top, Dishwasher, Disposal, Double Oven, Freezer, Microwave Oven, Refrigerator (Kitchen), Self-Cleaning Oven",1,,,Forced Air,Gas,Air Conditioning-Central,,"Balcony, Deck, Fence, Patio, Sprinkler System, Yard","Stunning 4 bedroom 4.5 bath home in Vista Pointe neighborhood. Main floor features a study/office with its own private bath and formal living and dining rooms. Spacious kitchen with large granite island work center and large pantry. Just off the kitchen youâ€™ll find a second private stairway that leads directly to the master suite. The master bedroom features a 5 piece bath, huge walk-in closet and a wet bar and a private balcony off the Master Suite. The upper level also touts a large loft, a full bath and three generously sized secondary bedrooms two of which share a Jack and Jill bath. This home also features a large 4 car garage. Backyard is perfect for entertaining with spectacular mountain views from the deck. Washer and Dryer hookups on main level.",,Full,,FALSE,1972,,,,,,,,2 Story,,,,,,,2005,,,,,,Black Rock,Erie,Erie,St. Vrain Valley RE-1J,,,,,,,,,,,,,,,,,,,,,,,,Cul-de-Sac,,,East,Mountain View,,,,,,,,,,,,,,,,,,,,2900/2900,,,,,,,$250.00 ,,,,,,,,,23,23,8/23/2016 0:00,2900,Nicholas Conley,04787N,303-466-6340,nick@highlandrealty.com,HIGHLAND REALTY & MANAG INC,0034B,303-466-6340,303-466-6340,info@highlandrealty.com,,9/11/2016 0:00,,,,,0,,,,,,,,,,,,,,,,,40.023882,-105.041927,8,,,,,,,,,,,,,,,,,,,,,,,,,,,,,,,
3779016,8/17/2016 11:44,Rental,Leased,2700,1996,W,66th,Avenue,,,Denver,CO,80221,Adams,R0185719,,,,4,4,1,0,1,2,1,0,0,3,1452,1949,1949,,,1.39,1.39,1.86,,2,2,0,0,0,0,,,,"Cable Available, Internet Access (Wired), Kitchen Island, Master Bath, Master Suite, Open Floor Plan, Pet Free, Remodeled, Security Entrance, Security System, Skylights, Updated, Vaulted, Walk-in Closets",,W/D Hookups in Unit,"Carpet, Tile Floor, Wood Floors","Dishwasher, Microwave Oven, Refrigerator (Kitchen), Smoke Alarm, Stove/Range/Oven",,,,"Forced Air, Solar Active","Gas, Solar","Air Conditioning-Central, Air Conditioning-Individual, Air Conditioning-Room",,"Covered Deck, Deck, Fence, Garden Area, Maintenance Free Exterior, Patio, Playground Area, Solar, Sprinkler System","A boutique new home neighborhood 4 miles from downtown Denver. With all the benefits of the city â€“ art, entertainment, restaurants, nightlife â€“ and all the advantages of a new home. New development 5 minutes to Highlands, 10 minutes to downtown, 3 minutes to highways. City and mountain views. Energy efficient construction with solar panels, open floor plan, hardwood floors, gourmet kitchen full of light and functional space. Neighborhood features park area, brewery, cafes and coffee shops. You will not be disappointed.",Call broker to arrange the showing,Full,100,TRUE,497,Cellar,,,,1452,,,2 Story,,,Contemporary,,,,2016,TRUE,2,,,,Clayton K-8,Valley View K-8,York Int'l K-12,Mapleton R-1,,,,,,,,,,,,,,,,,,,,,,,"Cats OK, Dogs OK","Adjacent to Open Space, Corner Lot, Near Public Transit",,,East,"City View, Mountain View",,,,,,,,,,,,,,,,,,,,owner,,,,,,,$300 ,,,,,,,,,29,29,7/19/2016 0:00,3500,Natalia Kanonerova,35807N,303-359-5110,nataliakanon@gmail.com,Kanonerova Realty,SELUS,303-359-5110,303-359-5110,nataliakanon@gmail.com,text to arrange showing,8/16/2016 0:00,,,,,300,Other,,,,,,,,,,,,,,,,39.816281,-105.029727,38,,,,,,,,,,,,,,,,,,Blocks,,,,,,,,,,,,,
4341634,2/17/2016 10:44,Rental,Leased,2695,6559,,Poppy,Street,,,Arvada,CO,80007,Jefferson,,Meadows At Westwoods Ranch,,,3,4,0,0,1,2,0,0,0,4,2507,3350,3732,,,,,,,2,2,0,0,0,0,,,,Cable Available,,,,,1,,,Forced Air,Gas,Air Conditioning-Central,,,"Elegant home with Bamboo Floors on Entire Main Level. Cul-De-Sac Location with Mountain Views from Upper Level. Kitchen finishes include Granite Counter Tops, Butcher Block Island, Eat-In Space & Breakfast Bar Open to The Family Room with Fireplace and Vaulted Ceilings With Formal Living, Dining room and Office. Master Suite Offers Large Walk-In Closet, and 5-Piece Tiled Bath. Two of The Three Upper Level Guest Bedrooms Have Walk-In Closets. Basement Perfect for an Exercise Room or Additional Great Room. Awesome Outdoor Space with Full Patio. Pets on a case by case basis.",Please contact Chris Edmondson for all showings.  Application fee is $45 per person 18 or older to reside in the property.,Full,90,TRUE,1225,Cellar,,,,,,,,,,,,,,1998,,2,,,,West Woods,Drake,Ralston Valley,Jefferson R-1,,,,,,,,,,,,,,,,,,,,,,,,,,,,,,,,,,,,,,,,,,,,,,,,Pathlight Property Management,,,,,,,50%,,,,,,,,,34,34,1/14/2016 0:00,2695,Christopher Edmondson,49135,303-324-0119,cedmondson@pathlightmgt.com,Pathlight Property Management,M2653,720-288-0169,303-324-0119,cedmondson@pathlightmgt.com,Please contact Chris Edmondson for all showings.,2/1/2016 0:00,,,,,0,,,,,,,,,,,,,,,,,39.81572,-105.183373,41,,,,,,,,,,,,,,,,,,,,,,,,,,,,,,,
8140317,6/27/2016 9:07,Rental,Leased,2600,11265,,Quivas,Loop,,,Westminster,CO,80234,Adams,R0031669,,,,4,5,1,0,2,1,2,0,0,3,,3453,3453,,,0.75,0.75,,,4,2,0,2,0,0,,,,"Five Piece Bath, Jet Action Tub, Master Suite, Remodeled, Speakers, Built-in, Updated, Vaulted, Walk-in Closets, Window Coverings",,W/D Hookups in Unit,"Tile Floor, Wood Floors","Compactor, Refrigerator (Kitchen), Smoke Alarm, Stove/Range/Oven",,,,Forced Air,Gas,,,"Deck, Fence, Front Porch, Patio, Professional Landscaping","Fabulous wood floors and hard tile throughout this luxury home. Five bedrooms, with a separate office/study off family room.",,Full,100,TRUE,,,,,,,,,,,,,,,,1981,,,,,,Cotton Creek,Silver Hills,Mountain Range,Adams 12 5 Star Schl,,,,,,,,,,,,,,,,,,,,,,,Dogs OK,"Golf Community, Near Public Transit",,,Southwest,,,,,,,,,,,,,,,,,,,,,,,,,,,,3%,,,,,,,,,37,37,5/21/2016 0:00,2900,Jason Pavlovic,320239,303-667-1622,JASON@SURETYREALTY.COM,SURETY REALTY INC,SURE1,303-667-1622,3036671622,jason@suretyrealty.com,,6/27/2016 0:00,,,,,0,,,Owner,,Jason Pavlovic,320239,SURETY REALTY INC,SURE1,,,,,,,,,39.901682,-105.010047,14,,,,,,,,,,,,,,,,,,,,,,,,,,,,,,,
8021685,2/1/2017 23:42,Rental,Leased,2600,4395,W,117th,Court,,,Westminster,CO,80031,Adams,,,,,3,3,0,0,1,2,0,0,0,3,1901,1901,2951,,,0.86,1.34,1.34,,2,2,0,0,0,0,,Agent Owner,,"Cable Available, Double Pane Windows, Eating Space / Kitchen, Five Piece Bath, Internet Access (Wired), Jack & Jill Bath, Jet Action Tub, Kitchen Island, Master Suite, Open Floor Plan, Pet Free, Smoke Free, Walk-in Closets, Window Coverings",,Washer/Dryer Included,"Carpet, Tile Floor, Wood Floors","Convection Oven, Cook Top, Dishwasher, Disposal, Double Oven, Dryer, Microwave Oven, Refrigerator (Kitchen), Self-Cleaning Oven, Washer",1,,,Forced Air,Gas,"Air Conditioning-Central, Attic Fan, Ceiling Fan",,"Covered Deck, Covered Patio, Deck, Fence, Front Porch, Sprinkler System, Wraparound Porch, Yard","Half price January! (if 1 year lease or longer).  Beautiful Craftsman style 2-story single family home in highly sought after Bradburn Village in north Westminster.  Landlord (Broker) just purchased this house and has deep cleaned this house and it is now available for move in.  Wrap-around porch with 2nd entrance to 1st floor office.  Small yard and back deck.  Just blocks to Bradburn village restaurants and shops, bus stops, open space, community pool and Whole Foods, and pocket parks.  $2600 rent for 1 year lease.  Longer lease may be considered.  Shorter term lease for a premium on a case-by-case basis.  Washer dryer included.  Wood floors throughout 1st floor.  Kitchen has island, granite, maple cabs, double convection oven, gas cooktop, pantry.  Professional cleaning just completed of windows, blinds, carpet and ducts.  Close to Broomfield with easy access to Interlochen Business Park, Boulder and Denver.",Lease commission of $600 for 1 year lease or longer.  Shorter lease = reduced commission.,Full,0,FALSE,1050,Standard,,,1050,851,,,2 Story,,,Traditional,,,,2004,TRUE,2,,,Low Rise (1-3),Cotton Creek,Westlake,Legacy,Adams 12 5 Star Schl,,,,,,,,,,,,,,,,,,,,,,,No Animals,Corner Lot,,,South,,,,,,,,,,,,,,,,,,,,,Andrea Sortwell,,,,Detached carriage house over the garage is a separate corporate furnished rental and is not included in the rent.,,,$600 ,,,,,,,,Take Bradburn Blvd south from 120th to 118th.  West on 118th 2 blocks to Tennyson.  South on Tennyson 2 blocks.  House is on the NEC of Tennyson and 117th Ct.,44,44,12/19/2016 0:00,2950,Andrea Sortwell,314114,303-425-7075,asortwell@comcast.net,ANDREA L SORTWELL BROKER,10829,303-425-7075,303-425-7075,asortwell@comcast.net,Please contact owner agent to arrange showing.  Lease commission based on 12 month or longer lease.  Lease commission to be adjusted if shorter lease.,2/1/2017 0:00,,,,,0,,,,,,,,,,,,,,,,,39.910488,-105.043523,72,,,,,,,,,,,,,,,4,,,Blocks,,,,,,,,,,,,,
1670640,11/27/2016 7:56,Rental,Leased,2495,13632,W,65th,Place,,,Arvada,CO,80004,Jefferson,172146,,,,2,3,0,0,2,0,0,0,3,0,,,1305,,,1.91,,,,2,2,0,0,0,0,,,,,,,,,,,,Forced Air,,,,,,,,,,,,,,,,,,,,,,,,,1984,,,,,,Stott,Oberon,Arvada West,Jefferson R-1,,,,,,,,,,,,,,,,,,,,,,,,,,,,,,,,,,,,,,,,,,,,,,,,,,,,,,,$50 ,,,,,,,,,26,26,11/1/2016 0:00,2495,Mark Steinbach,18229N,303-913-0214,markrsteinbach@gmail.com,Baron Enterprises Inc.,M1913,303-913-0214,(720)575-6100,contact@allcountydenvermetro.com,"Cleaning included twice a month! This is a perfect and furnished short term rental in a safe and convenient location. This Single Family Home has a fenced yard, and patio space. The interior boasts a remodeled kitchen with granite countertops. There are two upstairs bedrooms and a third downstairs that is furnished as an office. There is also a sitting area on the bottom floor with a wood burning stove. Perfect for winter time in Colorado! The main living area is comfortably furnished with a flat screen. All Utilities are included!",11/23/2016 0:00,,,,,0,,,,,,,,,,,,,,,,,39.815201,-105.150507,39,,,,,,,,,,,,,,,,,,,,,,,,,,,,,,,
4447101,5/31/2016 12:44,Rental,Leased,2500,11308,,Sheps,Way,,,Broomfield,CO,80021,Broomfield,R8868922,Arista,Urban Transit paired homes  1/2 duplex,,3,3,0,0,1,2,0,0,0,3,1675,1675,1675,,,1.43,1.43,1.43,,2,2,0,0,0,0,,Agent Owner,,,,,,,,,,Forced Air,,Air Conditioning-Central,,"Fence, Playground Area, Sprinkler System","Come see this modern, contemporary, paired home in Arista.  Broomfield's premier Urban neighborhood!  This is an exceptional find in a truly fantastic location!  Enjoy 3 bedrooms upstairs and a large open loft to relax, watch TV , or have your office space.  The convenient upstairs laundry room is a real bonus and includes washer and dryer.  The home also has a small private side yard.  There is plenty of additional storage in the large unfinished basement.  Be in the middle of it all; close to Denver and Boulder Flatirons shopping, Interlocken, golf, play, shop and dine!  The new CU Hospital opens this summer.  Lots of fun eats and treats around in the new urban 'town' of Arista.",Must call Susie Bernardi 303-931-8271 for appointment to view.,Partial,,FALSE,,,,,,,,,Other Multi-unit,,,Contemporary,,,,2013,FALSE,2,,,Side-by-Side,Sheridan Green,Mandalay,Standley Lake,Jefferson R-1,,,,,,,,,,,,,,,,,,,,,,,Dogs OK,Near Public Transit,,,,,,,,,,,,,,,,,,Public,,,,Public,,Sheps LLC,,,,,,,"$1,300.00 ",,,,,,,,,79,79,2/22/2016 0:00,2500,Susie Bernardi,683155,303-931-8271,sbernardi@livsothebysrealty.com,LIV Sotheby's International Realty,9697,303-893-3200,303-931-8271,susiebernardi@comcast.net,Must have appointment with phone above for personal showing.,5/4/2016 0:00,,,,,0,,,,,,,,,,,,,,,,,39.894116,-105.134331,3,,,,,,,,,,,,,,,5,,,Minutes,,,,,,,,,,,,,
3156835,12/16/2016 19:03,Rental,Leased,2400,12317,,Wolff,Drive,,,Broomfield,CO,80020,Broomfield,R0021959,,,,3,3,0,0,1,2,0,0,0,3,1615,2200,2239,,,1.07,1.09,1.49,,3,3,0,0,0,0,,,,"Cable Available, Double Pane Windows, Eating Space / Kitchen, Internet Access (Wired), Jet Action Tub, Master Bath, Master Suite, Open Floor Plan, Pet Free, Remodeled, Smoke Free, Updated, Vaulted, Walk-in Closets, Window Coverings",,Washer/Dryer Included,"Carpet, Tile Floor, Wood Floors","Dishwasher, Disposal, Dryer, Microwave Oven, Refrigerator (Kitchen), Stove/Range/Oven, Washer",1,,,Forced Air,Gas,Air Conditioning-Central,,"Fence, Front Porch, Patio, Playground Area, Satellite Dish, Sprinkler System, Yard","This Beautiful 4 Beds/2 1/2 Baths Home is located just a block off Sheridan & 123rd! Close to shopping, entertainment, parks and walking trails.  This 2 story home with 3 car garage and finished basement features hardwood floors throughout the main level, vaulted ceilings, lots of windows ""great natural light"" and new stylish wood blinds (not installed at time photos were taken). Formal living and family rooms with fireplace on main floor.  Recently updated kitchen has granite countertops, newer black appliances and beautiful wood cabinets ""great storage space"" with open floor plan to dining area. Family room sliding doors open to large fenced in backyard! Perfect for your furry family members... Dogs ONLY!  Upper level has brand new carpet in all three bedrooms. Large Master Suite with full bath features double sinks, jetted tub/shower, tiled floors and walk in closet! Two additional bedrooms and full bath up!  Full finished Basement: Optional 4th bedroom, playroom!",,Full,100,TRUE,624,Standard,,,,,,,Multi-Level,,,Traditional,,,,1994,FALSE,,,,Low Rise (1-3),Mountain View,Westlake,Legacy,Adams 12 5 Star Schl,,,,,,,,,,,,,,,,,,,,,,,Dogs OK,Cul-de-Sac,,,East,,,,,FALSE,FALSE,,,,,,,,,,,,,,,"$2,400 ",,,,"Monthly Utilities, landscape and snow removal property maintenance.",,,$100 ,,,,,,,,I-25 to 36 East and exit off Sheridan Blvd.  take to 123rd Ave.  Take right onto 123rd Ave and 1st left onto Wolff Drive. Home is on your left side,11,11,12/5/2016 0:00,2400,Shannon Phelps,13706,720-746-8285,shannon@allenandassociatesproperties.com,"Allen & Associates Properties, LLC",CARE1,303-928-9117,(720) 746-8285,shannon@allenandassociatesproperties.com,Lock box entry,12/16/2016 0:00,,,,,0,,,Owner,,,,,,,,,,,,,,39.920257,-105.051985,51,,,,,,,,,,,,,,,,,,,,,,,,,,,,,,,
9305079,9/25/2016 11:52,Rental,Leased,2000,1579,S,Hillrose,Lane,,,Superior,CO,80027,Boulder,R0110850,,Rock Creek,,3,3,0,0,1,2,0,0,0,3,,1800,1800,,,1.31,1.31,,,2,0,2,0,0,0,,Rent-to-Own,,"Cable Available, Eating Space / Kitchen, Five Piece Bath, Internet Access (Wired), Master Bath, Master Suite, Open Floor Plan, Smoke Free, Updated, Vaulted, Walk-in Closets, Window Coverings",,W/D Hookups in Unit,"Carpet, Tile Floor, Wood Floors","Cook Top, Dishwasher, Disposal",1,,,Forced Air,Gas,"Air Conditioning-Central, Attic Fan, Ceiling Fan",,"Deck, Fence, Garden Area, Gas Grill, Patio, Professional Landscaping, Sprinkler System, Yard","Gorgeous 3 bedroom 21/2 bath home in the prestigious Rock Creek subdivision. Enjoy miles of hiking & bike trails with beautiful ponds just outside your front door. Lots of upgrades through out featuring a gas fireplace, granite counter-tops, gas stove, stainless steel appliances, & hardwood floors just to name a few. Whisper quiet whole house attic fan in addition to central air conditioning. You will love entertaining in your professionally landscaped backyard complete with a large deck, gas grill and patio furniture. Plenty of space to plant a garden! Walking distance to prestigious top ranked Boulder Valley Schools (Monarch K-8 & Monarch High School). You will love the Superior pool and tennis courts within walking distance. Only a short 10 minute commute to Boulder. Welcome Home!","Agent is offering a flat fee of $2,500 upon successful background, credit check, and complete application. One year lease is required with option to purchase the home when lease is up. Easy to show, very clean. Home is partially furnished. Can rent partially furnished, or unfurnished. Dogs are allowed. Gas grill and all patio furniture stay. Clubhouse, pool, and tennis courts are included with this home! Renter to verify sq ft.",Partial,,FALSE,,Cellar,,,,,,,2 Story,,,Traditional,,,,1991,,2,,,,Superior,Monarch K-8,Monarch,Boulder Valley RE-2,,,,,,,,,,,,,,,,,,,,,,,Dogs OK,Near Public Transit,,,,,,,,FALSE,FALSE,,,,,,,,,,,,,,,George Frysinger,,,,Negiotable,,,"$2,500.00 ",,,,,,,,The home is located in Rock Creek off of McCaslin Blvd and Rock Creek Parkway.,14,14,9/11/2016 0:00,2200,Debbie Sinsel,43538,303-478-4499,debbie.sinsel@coloradohomefinder.com,Colorado HomeFinder LLC,M0047,303-732-5513,303-573-7469,,"Lock box is located on the front door. Please leave feedback through CSS, turn off lights, and lock doors.",9/25/2016 0:00,,,,,0,,,Property Manager,,,,,,,,,,,,,,39.939687,-105.149134,8,,,,,,,,,,,,,,,,,,,,,,,,,,,,,,,
6935276,2/17/2017 10:36,Rental,Leased,2295,7356,,Beech,Court,,,Arvada,CO,80005,Jefferson,140109,,,,2,3,0,0,0,2,0,0,0,3,,,2769,,,0.83,,,,2,2,0,0,0,0,,,,,,,,,,,,Forced Air,,Evaporative Cooler (Swamp),,,"A newly updated spacious home in Arvada. A fabulous neighborhood. There is newer paint, carpet, and bathrooms. The yard is large and you have plenty of privacy. There is a patio to view those nice Colorado sunsets.",Please contact office for showings and questions.,,,,,,,,,,,,,,,,,,,1977,,,,,,Vanderhoof,Oberon,Ralston Valley,Jefferson R-1,,,,,,,,,,,,,,,,,,,,,,,,,,,,,,,,,,,,,,,,,,,,,,,,,,,,,,,$50 ,,,,,,,,,16,16,2/1/2017 0:00,2295,Mark Steinbach,18229N,720-575-6100,markrsteinbach@gmail.com,Baron Enterprises Inc.,M1913,303-913-0214,(720)575-6100,contact@allcountydenvermetro.com,,2/17/2017 0:00,,,,,0,,,,,,,,,,,,,,,,,39.830105,-105.149833,16,,,,,,,,,,,,,,,,,,,,,,,,,,,,,,,
4016256,6/22/2016 10:05,Rental,Leased,2250,10750,W,78th,Avenue,,,Arvada,CO,80005,Adams,,Oberon Acres,,,3,3,0,0,1,2,0,0,0,3,2435,2435,3335,,,0.67,0.92,0.92,,2,2,0,0,0,0,,,,"Double Pane Windows, Eating Space / Kitchen, Five Piece Bath",,"Washer/Dryer Included, W/D Hookups in Unit","Carpet, Tile Floor","Cook Top, Dishwasher, Disposal, Dryer, Microwave Oven, Refrigerator (Kitchen), Self-Cleaning Oven, Smoke Alarm, Stove/Range/Oven, Washer",,,,Forced Air,Gas,Air Conditioning-Central,,"Fence, Patio, Sprinkler System, Yard","Large beautiful house! Main level includes: Living room, dining room, eat-in kitchen with all appliances, lots of cabinets and granite counter tops. Next level down includes: Family room, half bathroom and laundry area with full size washer and dryer. Upper level includes: Master bedroom with 3/4 master bathroom and mirror closet doors. 2nd and 3rd bedrooms are  good size and main full bathroom. Unfinished basement. Double pane windows, partially fenced yard, sprinkler system, 2 level deck, large backyard with gazebo, over sized 2 car garage heated with shop area. LOTS OF SPACE!",Client requested to take it off the market.,Partial,0,FALSE,900,Cellar,,500,1150,785,,,Multi-Level,,,Traditional,,,,1977,,2,,,Low Rise (1-3),Sierra,Oberon,Ralston Valley,Jefferson R-1,,,,,,,,,,,,,,,,,,,,,,,Dogs OK,,,,,,,,,,,,,,,,,,,,,,,,,$2395 rent and security dep of $2350,,,,,,,25%,,,,,,,,"Wadsworth to W 80th Ave, left to Oak St, left on 78th, house is on the right.",48,48,1/27/2016 0:00,2395,Rocky Germano,936605,303-902-1202,RockGermano@Gmail.com,JERICHO PROPERTIES,1247,303-234-0546,3032340546,JERICHO.PROPERTIES@GMAIL.COM,Call Vivienne to set a showing appointment,6/22/2016 0:00,,,,,0,None,,,,,,,,,,,,,,,,39.838618,-105.118216,24,,,,,,,,,,,,,,,,,,,,,,,,,,,,,,,
2913747,8/16/2016 10:38,Rental,Leased,2300,16936,W,63rd,Drive,,,Arvada,CO,80403,Jefferson,435235,,,,3,2,0,0,1,2,0,0,0,2,,1852,1852,,,1.21,1.21,,,2,2,0,0,0,0,,,,"Eating Space / Kitchen, Internet Access (Wired), Master Bath, Master Suite, Open Floor Plan, Vaulted, Walk-in Closets",,Washer/Dryer Included,"Carpet, Tile Floor, Wood Floors","Dishwasher, Dryer, Microwave Oven, Refrigerator (Kitchen), Smoke Alarm, Stove/Range/Oven, Washer",1,,,Forced Air,,Air Conditioning-Central,,,"Beautiful townhome in west Arvada! The spacious and bright living room features a gas fireplace, perfect for cool Colorado nights. The kitchen has plenty of cabinet space, and eat-in dining with bay windows. There is a separate open dining room that flows into the living room. There is also a half bathroom on the main floor. Heading upstairs leads to the sizeable master bedroom with vaulted ceilings, walk-in closet, and en-suite master bath. The second bedroom with ensuite bath lies on the upper floor as well and gives way to lots of light. Laundry room with front-loading washer and dryer are onteh same floor for convenience.  Downstairs  you will find bonus recreation room with closet/storage space and an oversized attached 2 car garage.  This townhome is in a great Arvada location! Across the street is the frisbee golf course and Arvada Reservoir. With easy access to Golden, Boulder, and downtown Denver!","Brokers Please Note: Referral is 10-20% of Listing Brokers' commission, after company split.  10% is earned for referring a client and/or attending the showing; 20% applies for participation in the following: attending the showing, facilitating the application process and lease signing, collection of monies, and attending the walk-through process. Please send broker referral agreement prior to application and provide your Brokerage House's Company Policy for referral agreements, including whom the check should be made out to as well as where to send the check.? Tenants, whom are also licensed active brokers, that apply to rent a home in our inventory may also get a referral of 10%.",Partial,,,200,,,,880,772,,,2 Story,,,,,,,2002,FALSE,2,,,Side-by-Side,Fairmount,Drake,Arvada West,Jefferson R-1,,,,,,,,,,,,,,,,,,,,,,,Dogs OK,,,,,,,,,,,,,,,,,,,,,,,,,Colorado and Company,,,,"**Available NOW! **W/D included **2 Car Attached Garage **Background/credit check required--$50/adult **Security deposit equal to one month's rent **Tenant responsible for electric, gas, internet, cable **Owner covers trash, water, sewer, landscaping, and lawn maintenance",,,10%,,,,,,,,,61,61,6/16/2016 0:00,2000,Strawberry Melissa Windholz,48682,720-557-9980,Strawberry@Coloradoandcompany.com,"Colorado and Company Real Estate, Inc",COCO1,720-255-2294,7205579980,strawberry@coloradoandcompany.com,Please contact listing agent to schedule a showing.,8/16/2016 0:00,,,,,0,,,,,,,,,,,,,,,,,39.811607,-105.192278,27,,,,,,,,,,,,,,,,,,,,,,,,,,,,,,,
9683632,5/1/2016 15:43,Rental,Leased,2300,2303,W,165th,Avenue,,,Broomfield,CO,80020,Broomfield,,Anthem,Villas at North Park,,3,3,0,0,1,2,0,0,0,3,1700,1700,2300,,,0.96,1.29,1.29,,6,2,0,4,0,0,,Agent Owner,,"Cable Available, Double Pane Windows, Eating Space / Kitchen, Kitchen Island, Master Bath, Master Suite, Open Floor Plan, Pet Free, Remodeled, Smoke Free, Updated, Walk-in Closets, Window Coverings",,Washer/Dryer Included,"Carpet, Vinyl/Linoleum, Wood Floors","Dishwasher, Disposal, Dryer, Microwave Oven, Refrigerator (Kitchen), Self-Cleaning Oven, Smoke Alarm, Stove/Range/Oven, Sump Pump, Washer",,,,Forced Air,Gas,"Air Conditioning-Central, Ceiling Fan",,"Fence, Patio, Professional Landscaping","***Brand New Paired Home***Walking Distance to Prospect Ridge Academy***Move In - Immediately***Attached 2 Car Garage***3 Bedrooms, 2.5 Bathrooms***1,700 sq. ft. finished***600 sq. ft. unfinished basement***New high-end appliances including 2nd level washer/dryer***Large 2nd Floor Loft***New 2"" Window Blinds***Extra Visitor guest parking steps away***Low-maintenance home with private fenced side yard***Commuter friendly - minutes from I-25, Hwy. 7, E-470 and DIA***Future community park to feature playground, gazebo and playing field***Near the future Broomfield Regional Trail***Close to The Orchard Town Center, Larkridge Shopping Center (Costco) and several golf courses***Rent includes: sewer, trash, lawn care and snow removal***One month security deposit***Small pet will be considered***Credit check required***",$500 Cash to agent who brings a renter that signs a 12-month rental agreement!,Full,,FALSE,600,,,,,,,,2 Story,,,Contemporary,,,,2015,,,,,Side-by-Side,Centennial,Westlake,Legacy,Adams 12 5 Star Schl,,,,,,,,,,,,,,,,,,,,,,,"Cats OK, Dogs OK","Adjacent to Open Space, Adjacent to Park",,,North,,,,,,,,,,,,,,,Public,,,,,,Susie Pecze,,,,,,,$500 ,,,,,,,,"Google Map ""Prospect Ridge Academy"". The house is located directly across the street from the school at the KB Home new community/construction site.",14,14,12/29/2015 0:00,2300,Susie Pecze,45601,303-618-3004,susie_pecze@yahoo.com,NeXstep Real Estate Group,M0473,303-302-3604,303-618-3004,susie_pecze@yahoo.com,Agent Owner.  Please call to set up showing and agent owner will meet you at the property.,5/1/2016 0:00,,,,,0,,,None,,,,,,,,,,,,,http://tours.virtuance.com/448424?idx=1,39.992733,-105.013914,1,,,,,,,,,,,,,,,,,,,,,,,,,,,,,,,
5832138,5/24/2016 11:10,Rental,Leased,2300,9226,,Vrain,Court,,,Westminster,CO,80031,Adams,R0047791,,,,3,3,1,0,2,0,1,0,2,0,,,3200,,,0.69,,,,2,2,0,0,0,0,,,,"Cable Available, Five Piece Bath, Master Bath, Master Suite, Open Floor Plan, Walk-in Closets",,Washer/Dryer Included,"Carpet, Tile Floor","Dishwasher, Disposal, Dryer, Microwave Oven, Refrigerator (Kitchen), Stove/Range/Oven, Washer",,,,Forced Air,,Air Conditioning-Central,,,"This lovely three bedroom, three bath ranch is in Westminster City Center and just two blocks from Westminster Center Park! The light, bright master bedroom features an en suite bath. There is an additional bedrooms and one full bath on the main level of this home. There is an open concept kitchen with a dining area and sunroom adjacent. Laundry is also on the main floor.  There is a finished basement with a family room, a bedroom, a full bathroom and a large closet and an extra room that is great for storage!",,Full,,TRUE,,,,,,,,,Ranch/1 Story,,,Contemporary,,,,1993,,,,,,Mesa,Shaw Heights,Westminster,Westminster Public Schools,,,,,,,,,,,,,,,,,,,,,,,"Cats OK, Dogs OK",Adjacent to Park,,,,,,,,,,,,,,,,,,,,,,,,,,,,,,,10%,,,,,,,,,20,20,5/4/2016 0:00,2300,Meredith Loux,51380,720-989-1846,meredith@coloradoandcompany.com,"Colorado and Company Real Estate, Inc",COCO1,720-255-2294,303-246-8580,charlycashin@aol.com,,5/23/2016 0:00,,,,,0,None,,,,,,,,,,,,,,,,39.863814,-105.045536,55,,,,,,,,,,,,,,,,,,,,,,,,,,,,,,,
9600624,1/17/2017 12:38,Rental,Leased,2200,7086,,Dudley,Drive,,,Arvada,CO,80004,Jefferson,69918,,,,3,3,0,1,0,2,0,0,0,3,1677,2138,2340,,,0.94,1.03,1.31,,2,2,0,0,0,0,,,,,,Washer/Dryer Included,"Carpet, Laminate, Tile Floor","Dishwasher, Disposal, Dryer, Refrigerator (Kitchen), Stove/Range/Oven, Washer",,,,Hot Water,Gas,Evaporative Cooler (Swamp),,"Deck, Sprinkler System, Utility Shed, Water Feature, Yard","Large 3 bedroom 3 bath multi level home in prime north Arvada area. You will enjoy the 2 car attached garage and large fenced yard. Partially finished basement for extra living space or storage. Easy commute to downtown Denver or the mountains and only minutes to historic downtown Arvada. Great home! Great area!  and ready to move into February 01.2017.Open house for tenant preview will be Sunday January 15,2017 from 1:00 PM to 3:00 PM","Open house for tenant preview will be Sunday January 15,2017 from 1:00 PM to 3:00 PM. Flat fee co-op , Call listor for any further info.",Partial,65,TRUE,663,Standard,,,,,,,Multi-Level,,,Traditional,,,,1967,,,,,,Peck,Arvada K-8,Arvada,Jefferson R-1,,,,,,,,,,,,,,,,,,,,,,,"Cats OK, Dogs OK",,,,North,,,,,,,,,,,,,,,,,,,,,TBD,,,,,,,$250 ,,,,,,,,,11,11,1/6/2017 0:00,2200,Allen Kenfield,172141,303-809-3664,alkenfield@gmail.com,MB KENFIELD REALTY,M1446,720-974-5900,303-809-3664,alkenfield@gmail.com,Call agent for status and showing appointment.,1/17/2017 0:00,,,,,0,None,,,,,,,,,,,,,,,,39.825174,-105.093315,18,,,,,,,,,,,,,,,,,,,,,,,,,,,,,,,
2427220,9/30/2016 14:49,Rental,Leased,2295,12533,,Dale,Court,,,Broomfield,CO,80020,Broomfield,R0106544,Willow Run,,,3,3,0,0,1,2,0,0,0,3,1872,2574,2574,,,0.84,0.84,1.15,,2,2,0,0,0,0,,,,"Cable Available, Double Pane Windows, Eating Space / Kitchen, Master Bath, Open Floor Plan, Smoke Free",,W/D Hookups in Unit,"Carpet, Tile Floor, Vinyl/Linoleum, Wood Floors","Dishwasher, Disposal, Microwave Oven, Refrigerator (Kitchen), Self-Cleaning Oven, Sump Pump",1,,,Forced Air,,"Air Conditioning-Central, Ceiling Fan",,"Deck, Fence, Front Porch, Sprinkler System, Utility Shed, Yard","This comfortable Broomfield is Light and Bright with Vaulted Ceilings, the kitchen offers granite counters, SS appliances. breakfast nook plus a separate dining area. Outdoor living space includes a large deck with a retractable awning and overlooks the nice sized fenced back yard (the deck has a ramp and no stairs leading to the yard) + a storage shed. Large, open living room with new carpet, family room w/fireplace and a finished basement that could be a bedroom! Exterior boasts a gorgeous tiled front patio w/Designer Rails & lighted caps & Beautiful pavers along the side of the home from front to back. Yards are well manicured and a great place to gather family & friends.   ** Owner to offer a $200 cash bonus to tenant upon signing successful lease** Application fee per adult applicant $45. Deposit amount $2295. One year lease term",Broker related to owner.  Property to be  managed by Property Owner,Full,,TRUE,702,,,,,,,,Multi-Level,,,Contemporary,,,,1998,,,,,,Arapahoe Ridge,Westlake,Horizon,Adams 12 5 Star Schl,,,,,,,,,,,,,,,,,,,,,,,Dogs OK,,,,,,,,,,,,,,,,,,,Public,,,,Public,,Owner,,,,owners personal property,,,$100.00 ,,,,,,,,"128th to Willow Run Pkwy,  South to 126th rt to Dale Ct",166,166,4/17/2016 0:00,3000,Sonja Arney,16936,303-250-6008,sonja.arney@yahoo.com,Sonja Arney Properties,AR123,303-250-6008,3032506008,sonja.arney@yahoo.com,Call Listing Agent for Showing Instructions,9/30/2016 0:00,,,,,145,,,None,,,,,,,,,,,,,http://www.magisto.com/video/PwEFNAhaFz80QgRhCzE?l=vsm&o=i&c=m,39.923421,-105.022749,31,,,,,,,,,,,,,,,,,,,,,,,,,,,,,,,
4400051,11/23/2016 13:21,Rental,Leased,2150,1162,,Cottonwood,Street,,,Broomfield,CO,80020,Broomfield,R1018494,,,,3,4,0,1,0,2,0,1,0,3,2150,,2152,,,1,,1,,2,2,0,0,0,0,,Agent Owner,,"Cable Available, Double Pane Windows, Eating Space / Kitchen, Internet Access (Wired), Master Bath, Master Suite, Open Floor Plan, Remodeled, Updated, Window Coverings",,"Washer/Dryer Included, W/D Hookups in Unit","Carpet, Wood Floors","Cook Top, Dishwasher, Disposal, Refrigerator (Kitchen), Stove/Range/Oven",1,,,Forced Air,Gas,Air Conditioning-Central,,"Deck, Fence, Garden Area, Sprinkler System, Utility Shed, Yard","Here's your chance; Boulder Valley School District - Heart of Broomfield! 1162 Cottonwood has over 2000 sf of living space with 3 bedrooms on the upper level including an upgraded master suite. Well-proportioned floor plan has a large family room on the lower level and a big living room on the upper level with a bay window. Lots of newer systems including a solar lease to keep utility bills to a minimum. Back deck has been recently refinished and overlooks the spacious back yard and garden area. With its proximity to so many Broomfield amenities and great floor plan this home represents a great opportunity for someone looking to get into this popular area.  Specifications: 3 Beds, 3 Baths, 2,152 sqft, Bi-Level, Built Yr. 1973 (Updated), Gas Forced Air with Central A/C, Two Car Attached Garage. Exterior Features (0.19 Acres): Balcony, Fence, Garden Area, Solar, Sprinkler System, Utility Shed, Fenced in Yard","Broker/Owner: Pets ok pending; size, breed, and age.",,,,,,,,,,,,Bi-Level,,,Contemporary,,,,1973,,2,,,,Birch,Aspen Creek K-8,Broomfield,Boulder Valley RE-2,,,,,,,,,,,,,,,,,,,,,,,Dogs OK,,,,West,,,,,,,,,,,,,,,,,,,,,Owner,,,,None,,,$500 ,,,,,,,,,33,33,10/21/2016 0:00,2150,Ryan Sondrup,38428,303-398-7012,ryan@nexsteprealestate.com,NeXstep Real Estate Group,M0473,303-302-3604,720-989-8796,ryan@neXsteprealestate.com,12 hours notice to show.,11/23/2016 0:00,,,,,0,,,None,,Ryan Sondrup,38428,NeXstep Real Estate Group,M0473,,,,,,,,,39.933563,-105.05666,30,,,,,,,,,,,,,,,,,,,,,,,,,,,,,,,
5014093,7/22/2016 21:41,Rental,Leased,2500,314,W,Charles,Street,,,Superior,CO,80027,Boulder,R0029298,Original Town Superior,,,2,3,0,0,2,0,0,0,3,0,1336,1336,2211,,,0.95,1.57,1.57,,1,0,0,1,0,0,,Agent Owner,,"Cable Available, Double Pane Windows, Eating Space / Kitchen, Fully Furnished, Pet Free, Remodeled, Smoke Free",,Washer/Dryer Included,"Carpet, Vinyl/Linoleum, Wood Floors","Dishwasher, Disposal, Dryer, Refrigerator (Kitchen), Smoke Alarm, Stove/Range/Oven, Sump Pump, Washer",1,,,Forced Air,Gas,Air Conditioning-Central,,"Front Porch, Garden Area","Fully updated Ranch Home in Quite Friendly Neighborhood. Easy Access to Open Space trials for Biking and Hiking. Short Walk to Whole Foods, Panera Bread, Costco, Target and other services. New Windows, New Roof, New Furnace, Stainless Appliances, Mature Landscaping. Property is Fully Furnished but Owner is willing to Rent it Unfurnished. No Pets Allowed. Credit Report and Back Ground Check Required.","Must Contact Owner to Show. Agent is Owner, 303-946-3200.",Full,,FALSE,875,,,,1336,,,,Ranch/1 Story,,,,,,,1964,,,,,,Monarch K-8,Monarch K-8,Monarch,Boulder Valley RE-2,,,,,,,,,,,,,,,,,,,,,,,No Animals,"Adjacent to Greenbelt, Adjacent to Open Space, Near Public Transit",,,,Mountain View,,,,FALSE,,,,,,,,,,Public,,,,Public,,Owner - John Veno,,,,None,,,50%,,,,,,,,"From US 36 exit at McCaslin, turn South to Coal Creek Dr, turn Right (West) on Coal Creek into Original Town, go two blocks to 3rd St, turn Left (South) follow around to Charles St, Property will be on your Left.",109,109,4/4/2016 0:00,2500,John Veno,15469,303-946-3200,resworks@q.com,TPC PROPERTIES,TPC44,303-554-1700,303-946-3200,johnaveno@msn.com,Must contact.,7/12/2016 0:00,,,,,0,,,,,,,,,,,,,,,,,39.951897,-105.170572,45,,,,,,,,,,,,,,,5,,,Minutes,,,,,,,,,,,,,
2737753,2/4/2017 15:53,Rental,Leased,2100,5461,,White,Place,,,Boulder,CO,80303,Boulder,R0074945,,,,2,3,0,1,0,1,0,3,0,0,,,1180,,,1.78,,,,2,2,0,0,0,0,,,,"Eating Space / Kitchen, Open Floor Plan",,Washer/Dryer Included,"Carpet, Wood Floors","Dishwasher, Disposal, Dryer, Refrigerator (Kitchen), Smoke Alarm, Stove/Range/Oven, Washer",,,,Forced Air,Gas,Air Conditioning-Individual,,"Deck, Dog Run, Fence, Garden Area","Sunny 3 bed, 2 bath townhouse in Boulder next to FlatIrons golf course.  Dog/Cat friendly and Laundry in unit.  Private fenced-in deck with green-space just outside the gate and wonderful park about a block away.  Huge 2-car garage with plenty of additional storage. Fantastic, quiet neighborhood but yet walkable to several restaurants, bars, and shopping like Blackberry, Picas, and Bru.  Very well maintained townhouse.  HOA handles exterior maintenance, trash and recycling.  $2100/month.  Call/email/text to book a showing.",March move-in with a 12-month or longer lease,,,,,,,,,,,,Townhouse,,,5+ Plex (1 unit),,,,1978,FALSE,2,,,Low Rise (1-3),Eisenhower,Manhattan,Fairview,Boulder Valley RE-2,,,,,,,,,,,,,,,,,,,,,,,"Cats OK, Dogs OK",Adjacent to Greenbelt,,,,,,,,,,,,,,,,,,,,,,,,,,,,furniture,,,$400 ,,,,,,,,From Arapahoe turn south on 55th less than a half of a mile down on your right is White Place and 17 townhomes immediately on your right from there. Guest parking spaces are on both ends of the complex.,4,4,1/31/2017 0:00,2200,Brian Conley,54573,303-668-4146,Brian@LiveUrbanDenver.com,LIVE URBAN REAL ESTATE,D0125,303-455-5483,(970)846-4375,casey.earp@gmail.com,"Great 3 bed 2 bath in Boulder. In a quiet town home community and landlords live nearby. Close to bike path downtown and public transportation. We have amazing restaurants like Black Belly, Picas, Bru right down the street.  Great place to live for dog owners since there is a fenced in backyard and plenty of trails/green space just a block away. Newer appliances and the space has been very well maintained.",2/4/2017 0:00,,,,,0,None,,,,,,,,,,,,,,,,40.00986,-105.2261,44,,,,,,,,,,,,,,,,,,,,,,,,,,,,,,,
9485310,5/20/2016 9:00,Rental,Leased,2000,4173,W,118th,Place,,,Westminster,CO,80031,Adams,R0163247,,,,4,3,0,1,0,3,0,0,0,3,1855,1855,1855,,,1.08,1.08,1.08,,2,2,0,0,0,0,,,,"Cable Available, Eating Space / Kitchen, Five Piece Bath, Internet Access (Wired), Master Suite, Open Floor Plan, Smoke Free, Walk-in Closets, Window Coverings",,Washer/Dryer Included,"Carpet, Wood Floors","Dishwasher, Disposal, Microwave Oven, Refrigerator (Kitchen), Self-Cleaning Oven, Stove/Range/Oven",1,,,Forced Air,Gas,Air Conditioning-Central,,"Balcony, Covered Patio, Maintenance Free Exterior, Playground Area, Professional Landscaping","Beautiful townhouse is located in Bradburn Village, Westminster, CO. Just steps away from shopping and restaurants, walking/biking trails. KEY FEATURES Location: BRADBURN VILLAGE Sq Footage: 1855 sqft. Office: main level w 1/2 bath Bedrooms: 3 Beds Bathrooms: 2.5 Baths (upstairs) Parking: Attached 2 car garage Laundry: New HE W/D included Property Type: Rowhouse HOA includes: Swimming Pool, Tennis, trash LEASE TERMS Term: 1 year minimum; Available: JULY 1st Credit check and security deposit required. $2,000 per month rent / $2,000 security deposit $40 application fee per adult   Pets: Small dog under 35 lbs. pet deposit of $500 plus $40/mo Virtual Tour:  http://tours.goodkarmaphoto.com/public/vtour/display/353267",Listing for a friend.  Please contact Safora at 720.251.9714  --or--  saforazster@gmail.com,None,,,,,,,,,,,3+ Story,,,Contemporary,,,,2006,FALSE,3,,,Side-by-Side,Cotton Creek,Westlake,Legacy,Adams 12 5 Star Schl,,,,,,,,,,,,,,,,,,,,,,,,"Adjacent to Greenbelt, Near Public Transit",,,South,,,,,,,,,,,,,,,,,,,,,Safora,,,,,,,$500 ,,,,,,,,"120th & Bradburn Blvd - South to 118th, East to property.",3,3,5/16/2016 0:00,2000,Joline Bernardini,1777,720-936-2824,Joline@BernardiniHomes.com,Bernardini Homes,M1945,720-936-2824,(720)251-9714,,Please contact Safora at 720.251.9714  or  saforazster@gmail.com   Virtual Tour:  http://tours.goodkarmaphoto.com/353267,5/20/2016 0:00,,,,,0,,,Owner,,,,,,,,,,,,,http://tours.goodkarmaphoto.com/public/vtour/display/353267,39.911859,-105.040986,63,,,,,,,,,,,,,,,2,,,Blocks,,,,,,,,,,,,,
6781118,1/20/2016 8:42,Rental,Leased,1995,11339,,Navajo,Circle,C,,Westminster,CO,80234,Adams,R0173151,Highlands at Westbury,,,3,2,0,0,2,1,0,0,1,1,1901,1901,1901,,,,,,,2,2,0,0,0,0,,,,"Cable Available, Eating Space / Kitchen, Five Piece Bath, Master Suite, Smoke Free, Vaulted, Walk-in Closets, Window Coverings",,Washer/Dryer Included,"Carpet, Vinyl/Linoleum","Dishwasher, Disposal, Dryer, Microwave Oven, Refrigerator (Kitchen), Self-Cleaning Oven, Smoke Alarm, Stove/Range/Oven, Washer",1,,,Forced Air,Gas,Air Conditioning-Central,,"Fence, Maintenance Free Exterior, Patio","Short Term Lease (6 months) - Perfect for anyone just moving to Denver, or is waiting for a New build. This Large Townhome sits adjacent to open space. 1900 Sq, ft of living space. Main floor Master bedroom with a walk in closet and 5 piece bathroom. Enjoy a Private Patio area for BBQ's and lounging on Beautiful Colorado Days. This property has Open Vaults with 1 bedroom and and loft on the upper level. Open Kitchen area that flows nicely into the living space. 2 car attached garage Washer and Dryer Included Great Location ! Washer and Dryer provided Great Location!",6 month lease with a possible month to month. Seller will be selling in the spring and tenant will need to agree to allow showings. Please read qualifying criteria before showing.  http://modglinre.com/application-criteria/,None,,,,,,,,,,,Townhouse,,,,,,,2006,TRUE,2,,3,Side-by-Side,Cotton Creek,Silver Hills,Northglenn,Adams 12 5 Star Schl,,,,,,,,,,,,,,,,,,,,,,,"Cats OK, Dogs OK, Service Animals Only","Adjacent to Open Space, Corner Lot",,,North,,,,,,,,,,,,,0.09,4000,Public,,,,Public,,Magdalena Lucero,,,,Tenants Personal Items,,,$250 ,,,,,,,,"I-25 - Exit 104th.  West to Pecos, North to 112th to Subdivision",85,85,10/27/2015 0:00,1995,Amy Stabolito,33849,303-952-5059,amy@modglinre.com,MODGLIN REAL ESTATE GROUP,M1657,303-952-5059,303-596-7385,,Tenant Occupied. Please call to set up showing. 303-596-7385,1/20/2016 0:00,,,,,0,,,None,,Amy Stabolito,33849,MODGLIN REAL ESTATE GROUP,M1657,,,,,,,,,39.903391,-105.003639,23,,,,,,,,,,,,,,,,,,,,,,,,,,,,,,,
8942416,5/3/2016 15:47,Rental,Leased,2195,6072,,Garrison,Street,,,Arvada,CO,80004,Jefferson,9820,Alta Vista,,,2,3,0,0,2,0,0,0,3,0,1367,2500,2602,,,0.77,0.8,1.46,,2,2,0,0,0,0,,,,,,Washer/Dryer Included,"Carpet, Wood Floors","Dishwasher, Disposal, Microwave Oven, Refrigerator (Kitchen), Self-Cleaning Oven, Smoke Alarm",2,,,Forced Air,Gas,None,,"Covered Patio, Fence, Sprinkler System, Yard","Beautiful newly remodeled ranch house with finished basement.  New carpet; newly painted.  Remodeled kitchen.  2 New bathrooms, fireplace in living room, fireplace in basement.  Close to park and whopping.  Sprinkler system.  Awnings on all main level windows.  NO SMOKING.","Beautiful newly remodeled ranch house with finished basement.  New carpet; newly painted.  Remodeled kitchen.  2 New bathrooms, fireplace in living room, fireplace in basement.  Close to park and whopping.  Sprinkler system.  Awnings on all main level windows.  NO SMOKING.",Partial,92,TRUE,1133,,,,1367,,,,Ranch/1 Story,,,Traditional,,,,1959,,,,,,Fitzmorris,Oberon,Arvada,Jefferson R-1,,,,,,,,,,,,,,,,,,,,,,,Dogs OK,,,,,,,,,,,,,,,,,0.16,7076,,,,,,,Property Manager,,,,,,,25%,,,,,,,,"Wadsworth to Ralston Road, west to Garrison Street, north to home.",25,25,4/8/2016 0:00,2195,Bob Alldredge,209461,303-234-0546,RLALLDREDGE@MSN.COM,JERICHO PROPERTIES,1247,303-234-0546,303-234-0546,jericho.properties@gmail.com,"Please call Jericho Properties Realty, LLC for additional information or to schedule a showing.",5/2/2016 0:00,,,,,0,,,,,Bob Alldredge,209461,JERICHO PROPERTIES,1247,,,,,,,,,39.807499,-105.099954,46,,,,,,,,,,,,,,,,,,,,,,,,,,,,,,,
9128785,12/9/2016 14:57,Rental,Leased,2095,5575,,115th,Place,,,Broomfield,CO,80020,Jefferson,,,,,3,3,0,0,1,2,0,0,0,3,,,1920,,,1.04,,,,2,2,0,0,0,0,,,,,,,,,,,,,,,,,,,,,,,,,,,,,,,,,,,,,,,,,,,,,,Jefferson R-1,,,,,,,,,,,,,,,,,,,,,,,,,,,,,,,,,,,,,,,,,,,,,,,,,,,,,,,$100.00 ,,,,,,,,,57,57,10/13/2016 0:00,2095,Nicholas Hodapp,55038762,303-956-7437,nick.hodapp@realatlas.com,Atlas Real Estate Group,AREG1,303-242-8980,303-956-7437,nick.hodapp@realatlas.com,,12/9/2016 0:00,,,,,0,None,,,,,,,,,,,,,,,,39.906819,-105.057315,45,,,,,,,,,,,,,,,,,,,,,,,,,,,,,,,
3337315,12/13/2016 14:09,Rental,Leased,2095,10831,,Jay,Street,,,Westminster,CO,80020,Jefferson,,,,,3,4,0,0,1,2,0,0,1,3,,,3002,,,0.66,,,,2,2,0,0,0,0,,,,,,,,,,,,,,,,,Great 4 bedroom 3 bedroom. Call now to set up your showing.,,,,,,,,,,,,,,,,,,,,,,,,,,,,,Jefferson R-1,,,,,,,,,,,,,,,,,,,,,,,,,,,,,,,,,,,,,,,,,,,,,,,,,,,,,,,$100.00 ,,,,,,,,,61,61,10/13/2016 0:00,2395,Nicholas Hodapp,55038762,303-956-7437,nick.hodapp@realatlas.com,Atlas Real Estate Group,AREG1,303-242-8980,3039567437,nick.hodapp@realatlas.com,,12/13/2016 0:00,,,,,0,None,,,,,,,,,,,,,,,,39.89484,-105.067142,28,,,,,,,,,,,,,,,,,,,,,,,,,,,,,,,
1749485,10/26/2016 10:43,Rental,Leased,1995,12981,,Knight,Court,,,Broomfield,CO,80020,Broomfield,,,,,2,4,0,1,1,0,0,1,3,0,,,1501,,,1.33,,,,1,1,0,0,0,0,,,,,,,,,,,,,,,,,Great home ready for move in 10/14.,,,,,,,,,,,,,,,,,,,,,,,,,,,,,Adams 12 5 Star Schl,,,,,,,,,,,,,,,,,,,,,,,,,,,,,,,,,,,,,,,,,,,,,,,,,,,,,,,$100.00 ,,,,,,,,,13,13,10/13/2016 0:00,1995,Nicholas Hodapp,55038762,303-956-7437,nick.hodapp@realatlas.com,Atlas Real Estate Group,AREG1,303-242-8980,3039567437,nick.hodapp@realatlas.com,,10/20/2016 0:00,,,,,0,None,,,,,,,,,,,,,,,,39.931777,-105.030846,33,,,,,,,,,,,,,,,,,,,,,,,,,,,,,,,
4928385,1/8/2016 13:28,Rental,Leased,1950,12550,,Alcott,Street,,,Broomfield,CO,80020,Broomfield,R0106475,Willow Run,,,3,3,0,0,1,2,0,0,0,3,2007,2007,2007,,,,,,,2,2,0,0,0,0,,,,"Cable Available, Double Pane Windows, Eating Space / Kitchen, Five Piece Bath, Internet Access (Wired), Master Bath, Open Floor Plan, Pet Free, Window Coverings",,Washer/Dryer Included,Carpet,"Dishwasher, Disposal, Dryer, Refrigerator (Kitchen), Self-Cleaning Oven, Smoke Alarm, Stove/Range/Oven, Washer",1,,,Forced Air,Gas,"Air Conditioning-Central, Ceiling Fan",,"Balcony, Fence, Sprinkler System, Yard",,,Full,,FALSE,,,,,,,,,2 Story,,,Urban Contemporary,,,,2000,,2,,,,Mountain View,Westlake,Legacy,Adams 12 5 Star Schl,,,,,,,,,,,,,,,,,,,,,,,,Adjacent to Open Space,,,North,Mountain View,,,,,,,,,,,,0.11,5000,Public,,,,Public,,Happy Nest Properties,,,,,,,$150 ,,,,,,,,,63,63,11/6/2015 0:00,1950,Pat McCune,204621,303-548-1444,pkmccune@hotmail.com,MB HAPPY NEST PROP,MBN45,303-452-5853,303-548-1444,pkmccune@hotmail.com,Call or email Pat,1/1/2016 0:00,,,,,0,None,,,,,,,,,,,,,,,,39.92334,-105.016428,31,,,,,,,,,,,,,,,,,,,,,,,,,,,,,,,
9379699,1/18/2016 11:48,Rental,Leased,1950,8225,,Garland,Drive,,,Arvada,CO,80005,Jefferson,134245,Arvada,,,3,3,0,1,0,2,0,0,0,3,1734,1734,2238,,,,,,,2,2,0,0,0,0,,,,,,W/D Hookups in Unit,,"Freezer, Refrigerator (Kitchen), Stove/Range/Oven",,,,,,,,"Fence, Patio, Yard","Charming 3 bedroom, 2.5 bathroom in Arvada. This lovely home has plush carpet throughout the entire home in addition to tile entryway, and wood kitchen flooring. Access to the fully fenced back yard and covered patio is from the family room level. Family room has fully operational wood burning fireplace with glass doors. Additionally direct access to double attached garage is from the family room. The unfinished basement is accessible from the family room level. Upstairs is where all bedrooms are located within steps of each other. Master bedroom has walk in closet and private bathroom with shower. Additional bath with tub is located next to bedrooms.  Dog friendly with pet deposit. Review complete amenities listed below.  Additions to â€œ Rental Features â€œ -New self cleaning oven/ range -Gas barbeque  -Covered Patio  -Large Bay Windows  *** RENT IS $1,950 for the FIRST THREE MONTHS. After three months the rent will go up to $2,150.",,Partial,,FALSE,,Cellar,,,,,,,Raised Ranch,,,,,,,1976,,,,,,Weber,Moore,Pomona,Jefferson R-1,,,,,,,,,,,,,,,,,,,,,,,Dogs OK,,,,,,,,,,,,,,,,,0.18,7756,,,,,,,Owner of Home,,,,,,,12.50%,,,,,,,,,11,11,1/7/2016 0:00,1950,Cynthia Lopez,36168,303-682-3901,cindy@denverrental.com,DenverRental,M3017,303-682-3900,(303)682-3900,info@denverrental.com,Broker must be present for showing to receive coop compensation.,1/16/2016 0:00,,,,,0,,,,,,,,,,,,,,,,,39.845764,-105.101335,36,,,,,,,,,,,,,,,,,,,,,,,,,,,,,,,
4127180,4/8/2016 13:03,Rental,Leased,1995,6608,,Alkire,Court,,,Arvada,CO,80004,Jefferson,139514,Ralston Valley,,,3,3,1,0,1,1,0,0,0,3,1456,1456,1946,,,,,,,2,2,0,0,0,0,,,,,,W/D Hookups in Unit,"Carpet, Vinyl/Linoleum","Dishwasher, Disposal, Refrigerator (Kitchen), Stove/Range/Oven",1,,,Forced Air,Gas,None,,"Deck, Fence","Newly carpets and painted interior.  Main floor includes living room, formal dining room and kitchen with newly refinished countertops.  Lower level includes family room with wood burning fireplace, entrance to garage.  Upper level includes master bedroom with master bathroom, 2 additional bedrooms and an additional full bathroom.  Unfinished bathroom has washer/dryer hookups and half bathroom.  Fenced yard with deck.  Great location - with Yankee Doodle Trail at the end of the street!  Dog < 50lbs okay with additional $200 Pet Deposit.  NO SMOKING.","Newly carpets and painted interior.  Main floor includes living room, formal dining room and kitchen with newly refinished countertops.  Lower level includes family room with wood burning fireplace, entrance to garage.  Upper level includes master bedroom with master bathroom, 2 additional bedrooms and an additional full bathroom.  Unfinished bathroom has washer/dryer hookups and half bathroom.  Fenced yard with deck.  Great location - with Yankee Doodle Trail at the end of the street!  Dog < 50lbs okay with additional $200 Pet Deposit.  NO SMOKING.",Full,,FALSE,490,Cellar,,,845,611,,,Multi-Level,,,Traditional,,,,1977,,,,,,Stott,Oberon,Arvada West,Jefferson R-1,,,,,,,,,,,,,,,,,,,,,,,,,,,,,,,,,,,,,,,,,,,,,,,,Jericho Properties Realty LLC,,,,,,,25%,,,,,,,,,14,14,3/25/2016 0:00,1995,Bob Alldredge,209461,303-234-0546,RLALLDREDGE@MSN.COM,JERICHO PROPERTIES,1247,303-234-0546,303-234-0546,jericho.properties@gmail.com,"Please contact Jericho Properties Realty, LLC for any questions or to schedule a showing.",4/7/2016 0:00,,,,,0,None,,,,Bob Alldredge,209461,JERICHO PROPERTIES,1247,,,,,,,,,39.817323,-105.147613,41,,,,,,,,,,,,,,,,,,,,,,,,,,,,,,,
5802263,12/13/2016 14:10,Rental,Leased,2095,8731,,Dudley,Court,,,Arvada,CO,80005,Jefferson,,,,,2,4,0,0,0,2,0,2,0,2,,,1676,,,1.13,,,,1,1,0,0,0,0,,,,,,,,,,,,,,,,,"Great family home! 4 beds, 2 baths; family room down plus bedroom and bath; Master has large walk-in closet; hardwood floors on main level. Neutral colors throughout. Back Deck overlooks large fenced yard with mature trees. Oversize 1 car garage.",,,,,,,,,,,,,,,,,,,,,,,,,,,,,Jefferson R-1,,,,,,,,,,,,,,,,,,,,,,,,,,,,,,,,,,,,,,,,,,,,,,,,,,,,,,,$100 ,,,,,,,,,1,1,12/12/2016 0:00,2095,Nicholas Hodapp,55038762,303-956-7437,nick.hodapp@realatlas.com,Atlas Real Estate Group,AREG1,303-242-8980,3039567437,,,12/13/2016 0:00,,,,,0,None,,,,,,,,,,,,,,,,39.854132,-105.094961,37,,,,,,,,,,,,,,,,,,,,,,,,,,,,,,,
8620765,1/31/2017 15:11,Rental,Leased,2195,11399,W,85th,Place,,,Arvada,CO,80005,Jefferson,187409,,,,3,3,1,0,2,0,1,0,2,0,1357,2714,2714,,,0.68,0.68,1.36,,2,0,2,0,0,0,,,,"Cable Available, Double Pane Windows, Eating Space / Kitchen, Internet Access (Wired), Master Bath, Work Shop (Interior)",,W/D Hookups in Unit,"Carpet, Parquet","Dishwasher, Disposal, Microwave Oven, Refrigerator (Kitchen), Self-Cleaning Oven, Smoke Alarm, Stove/Range/Oven, Sump Pump",1,,,Forced Air,Gas,Air Conditioning-Central,,"Fence, Maintenance Free Exterior, Patio, Yard","Beautiful Ranch home with finished basement. Amazing lake and mountain views. Updated kitchen with refrigetator/ice maker, range dishwasher, microwave and trash compactor. Newer carpet throughout. Many skylights and brand new walk-in shower in master bathroom. 3 Walk in closets. Fenced yard, 2 new awnings. Triple pane windows. Community clubhouse and pool. NO SMOKING. NO PETS.",CALL THE OFFICE FOR SHOWING INSTRUCTIONS. 303-234-0546.,Full,100,TRUE,1357,,,,1357,,,,Ranch/1 Story,,,Spanish/SW,,,,1987,,1,,,Low Rise (1-3),Sierra,Oberon,Ralston Valley,Jefferson R-1,,,,,,,,,,,,,,,,,,,,,,,No Animals,Adjacent to Open Space,,,,,,,,,,,,,,,,,,,,,,,,Jericho Properties,,,,,,,$537.50 ,,,,,,,,,124,124,9/29/2016 0:00,2195,Rocky Germano,936605,303-902-1202,RockGermano@Gmail.com,JERICHO PROPERTIES,1247,303-234-0546,303-234-0546,JerichoPropertiesRealtyllc@gmail.com,Call Jericho Office 303-234-0546. For showing instructions and lock box code.,1/1/2017 0:00,,,,,0,None,,,,,,,,,,,,,,,,39.852457,-105.126767,25,,,,,,,,,,,,,,,,,,,,,,,,,,,,,,,
6832609,11/27/2016 16:55,Rental,Leased,1850,3935,,Beasley,Drive,,,Erie,CO,80516,Boulder,R0145584,,,,3,3,0,1,0,2,0,0,0,3,,1486,1954,,,0.95,1.24,,,2,2,0,0,0,0,,,,,,Washer/Dryer Included,Carpet,,,,,Forced Air,Gas,Air Conditioning-Central,,Dog Run,"This remodeled 3 bedroom 2.5 bath home in the Arapahoe Ridge features an open layout with vaulted ceilings, a two car garage, an unfinished basement, and a low maintenance yard. The great location gives you easy access to Hwy 287 and several bus routes providing you a short commute into Boulder, Longmont, Lafayette, Louisville, and Broomfield. As an added bonus the community includes tennis courts, pool, and several parks. No smoking.  Available now.","This house is also listed for sale at $359,000",Partial,,FALSE,468,,,,,,,,Tri-Level,,,,,,,2000,,,,,,Lafayette,Angevine,Centaurus,Boulder Valley RE-2,,,,,,,,,,,,,,,,,,,,,,,,,,,,,,,,,,,,,,,,,,,,,,,,,,,,,,,$100 ,,,,,,,,,39,39,10/19/2016 0:00,1975,Chris Jungman,22563,303-875-7834,Chris@BHHSRockyMountain.com,Berkshire Hathaway HomeServices Rocky Mtn Realtors,8987,303-494-7700,303-875-7834,Chris@BHHSRockyMountain.com,,11/25/2016 0:00,,,,,0,,,None,,,,,,,,,,,,,,40.015922,-105.098012,36,,,,,,,,,,,,,,,2,,,Blocks,,,,,,,,,,,,,
5562318,11/9/2016 14:16,Rental,Leased,1800,3524,W,80th,Avenue,,,Westminster,CO,80030,Adams,R0065925,,,,2,3,0,1,1,0,1,0,2,0,,1787,1787,,,1.01,1.01,,,6,0,0,5,0,1,,Agent Owner,,"Breakfast Nook, Cable Available, Eating Space / Kitchen, Kitchen Island, Updated, Window Coverings",,W/D Hookups in Unit,"Vinyl/Linoleum, Wood Floors","Microwave Oven, Refrigerator (Kitchen), Smoke Alarm, Stove/Range/Oven",,,,Forced Air,Gas,,,"Fence, Front Porch, Utility Shed, Yard","Large 3 BR plus small basement  flex room on large private lot with big trees. Fresh paint, new window coverings, new counter tops, updated bath vanity's, refinished wood floors, gas range, refrigerator, lighting, and lot's of parking for cars and large vehicles. Immediate access to Boulder US 36, Downtown Denver, Rec Center, Shopping & new light rail station near by. Unique property with huge lot and private access to garden level basement. Pet friendly with deposit and some breed restrictions will apply. Square footage includes unfinished large laundry room with sink. Bring your own washer and dryer, nice front porch cover and big yard. Resident responsible for electric, gas, water, sewer, trash, snow removal, cable, internet & Renters Insurance.",Call Agent direct  to show at 303-690-8462 lock box will be on the front door,Full,90,TRUE,,Garden Level,,587,1200,,,,Raised Ranch,,,Mid-Century Modern,,,,1952,,,,,,Flynn,Ranum,Westminster,Westminster Public Schools,,,,,,,,,,,,,,,,,,,,,,,"Cats OK, Dogs OK",,,,,Mountain View,,,,,,,,,,,,,,,,,,,,Dermont Family Partnership,,,,,,,$500 ,,,,,,,,Lowell north to 80th Ave turn east.,20,20,10/20/2016 0:00,1800,Lindi Dermont,286431,303-690-8462,milehipro@msn.com,MB MILE HIGH PROP LLC,MBA20,303-690-8462,3036908462,milehipro@msn.com,Call Agent at 303-690-8462 to set showing,11/9/2016 0:00,,,,,0,None,,,,,,,,,,,,,,,,39.841694,-105.033124,39,,,,,,,,,,,,,,,1,3,,Minutes,,,,,,,,,,,,,
8908357,12/12/2016 13:41,Rental,Leased,2000,9216,,Vrain,Court,,,Westminster,CO,80031,Adams,,,,,2,3,0,0,2,0,1,0,2,0,,,1400,,,1.29,,,,2,2,0,0,0,0,,,,"Master Bath, Master Suite",,,"Carpet, Tile Floor","Dishwasher, Disposal, Dryer, Microwave Oven, Refrigerator (Kitchen), Stove/Range/Oven, Washer",,,,,,,,,"Lovely 3 bedroom plus 2 bath home for rent. Main floor Master! 2 car garage and large unfinished basement with garden level windows. Lots of room and open floor plan. Don't worry about the yard or snow removal, HOA does that work. Close to parks, shopping and easy access to I-36 to Denver or Boulder. This place is very clean. No smokers and no pets. Available Now $2,000/month plus security deposit of $2,020","Olde Towne Golden Realty, LLC 908 Washington Ave Golden CO 80401 303-278-2400",,,,,,,,,,,,Ranch/1 Story,,,,,,,,,,,,,Mesa,Shaw Heights,Westminster,Westminster Public Schools,,,,,,,,,,,,,,,,,,,,,,,No Animals,,,,,,,,,,,,,,,,,,,,,,,,,"Olde Towne Golden Realty, LLC",,,,,,,$100.00 ,,,,,,,,Sheridan to 92nd go east to 1st left after lights and turn first right to Vrain,45,45,10/28/2016 0:00,2000,Jessica Noonan,7434,303-278-2400,jesnoon@yahoo.com,OLDE TOWNE GOLDEN REALTY LLC,OLDE1,303-278-2400,720-394-3480,,Call Jessica for any showing information,12/12/2016 0:00,,,,,0,,,,,,,,,,,,,,,,,39.863073,-105.045082,51,,,,,,,,,,,,,,,,,,,,,,,,,,,,,,,
9168425,2/4/2016 19:23,Rental,Leased,1795,2013,W,67th,Place,,,Denver,CO,80221,Adams,,Midtown at Clear Creek,Midtown at Clear Creek,,3,2,0,0,1,2,0,0,0,2,1518,1518,1518,,,,,,,2,2,0,0,0,0,,Agent Owner,,"Double Pane Windows, Eating Space / Kitchen, Internet Access (Wired), Kitchen Island, Master Bath, Open Floor Plan, Pet Free, Walk-in Closets, Window Coverings",,W/D Hookups in Unit,"Carpet, Vinyl/Linoleum","Dishwasher, Disposal, Microwave Oven, Refrigerator (Kitchen), Self-Cleaning Oven, Smoke Alarm",2,,,Forced Air,Gas,Air Conditioning-Central,,,"Brand new townhouse in Midtown (67th and Pecos). Open floor plan with a huge kitchen, granite counters, stainless appliances, gas stove. Large living area with 40"" electric fireplace, mountain views. There are 2 master suites with private baths, walk-in closets. Larger bedroom also has a sitting area and a fireplace. Upstairs laundry hook-ups. 2 car alley load garage. Midtown is less than 15 minutes from LoDo. Across the new Pecos Street Bridge from the Highlands and Berkeley neighborhoods with easy access to Boulder on I-36, the mountains on I-70, and anywhere else in Denver on I-25. And, soon, two nearby commuter rail stops will make getting around even easier. Open house on Saturday, January 30th from 2:00 - 3:00 PM.",,None,,,,,,,,,,,2 Story,,,Contemporary,,,,2015,,2,,,,Valley View K-8,Valley View K-8,Global Lead. Acad. K-12,Mapleton R-1,,,,,,,,,,,,,,,,,,,,,,,,,,,West,Mountain View,,,,,,,,,,,,,,Public,,,,,,Wendy Atkinson,,,,,,,$250 ,,,,,,,,"From Pecos and 67th Ave, go west on 67th. Turn right/north on Larsh. Take the 1st left on 67th Place. The road curves around to the north. Park before you get to the fire hydrant across from the Century Communities sales office. 2013 is the 3rd unit from the south end of the building.",20,20,1/15/2016 0:00,1850,Wendy Atkinson,18216,303-465-4798,wendy@wendyatkinson.com,Innovative Real Estate,IRE01,303-289-7009,303-465-4798,wendy@wendyatkinson.com,Contact agent/owner for a showing. No lockbox.,2/4/2016 0:00,,,,,0,None,,,,Wendy Atkinson,18216,Innovative Real Estate,IRE01,,,,,,,,,39.819442,-105.011315,25,,,,,,,,,,,,,,,,,,,,,,,,,,,,,,,
3190884,1/5/2017 9:04,Rental,Leased,1775,9187,,Dover,Street,,,Westminster,CO,80021,Jefferson,103533,,,,2,3,0,1,1,0,0,0,3,0,,,1568,,,1.13,,,,2,2,0,0,0,0,,,,,,W/D Hookups in Unit,,"Dishwasher, Disposal, Refrigerator (Kitchen), Smoke Alarm, Stove/Range/Oven",,,,Forced Air,Gas,,,"Deck, Fence, Garden Area, Sprinkler System, Utility Shed, Yard","3 bedrooms plus additional room that can be used as an office. Large wrap-around deck with French doors off master bedroom and dining room, fenced yard, shed, storage, garden and flower areas, sprinklers. Attached 2-car garage, wood burning fireplace, washer/dryer connections. skylights, ceiling fan, granite counter tops, large closets. Stainless steel appliances - refrigerator, gas stove/electric oven, dishwasher.",Listing agent 303-646-7142 to show property.,,,,,,,,,,,,Multi-Level,,,,,,,1973,,,,,,Lukas,Wayne Carle,Standley Lake,Jefferson R-1,,,,,,,,,,,,,,,,,,,,,,,Dogs OK,Corner Lot,,,,,,,,,,,,,,,,,,,,,,,,Brickstone Properties LLC,,,,,,,$100 ,,,,,,,,,21,21,12/15/2016 0:00,1775,Donald Stone,33093N,303-646-7142,Brickstone.Don@gmail.com,BRICKSTONE PROPERTIES LLC,BP001,303-619-2113,303-646-7142,Brickstone.Don@gmail.com,,1/4/2017 0:00,,,,,0,None,,Other,,,,,,,,,,,,,,39.863192,-105.094568,29,,,,,,,,,,,,,,,,,,,,,,,,,,,,,,,
6022505,1/31/2017 16:42,Rental,Leased,1695,9427,W,89th,Circle,,,Westminster,CO,80021,Jefferson,171073,,Stanley Lake Condos,,2,3,0,0,2,0,0,0,3,0,1199,1199,1199,,,1.41,1.41,1.41,,1,1,0,0,0,0,,,,"Cable Available, Double Pane Windows, Kitchen Island, Master Bath, No Stairs, Open Floor Plan, Remodeled, Updated, Walk-in Closets",,Washer/Dryer Included,"Carpet, Laminate","Dishwasher, Disposal, Dryer, Microwave Oven, Refrigerator (Kitchen), Self-Cleaning Oven, Washer",1,,,Forced Air,Gas,"Air Conditioning-Central, Ceiling Fan",,Covered Patio,This is a wonderful first floor 3 bedroom 2 bath condo. We just completed the kitchen and bathroom remodel. All new kitchen appliances with granite counters and new white shaker cabinets. Freshly painted and ready for a new tenant. Gas fireplace to keep warm on the snowy Colorado nights. Washer and dryer included along with detached one car garage.,Easy to Show.  Baths and Kitchen just remodeled.,None,,,,,,,1199,,,,Condominium,,,5+ Plex (1 unit),,,,1983,FALSE,1,,,Low Rise (1-3),Weber,Moore,Pomona,Jefferson R-1,,,,,,,,,,,,,,,,,,,,,,,"Cats OK, Dogs OK",Cul-de-Sac,,,,,,,,FALSE,FALSE,,,,,,,,,,,,,,,Modglin Real Estate Group,,,,,,,$250.00 ,,,,,,,,On the corner of W 88th and Independence.,99,99,10/24/2016 0:00,1995,Jay Modglin,12712N,303-952-5059,jay@modglinre.com,MODGLIN REAL ESTATE GROUP,M1657,303-952-5059,3034722150,jay@jaymodglin.com,Vacant Easy to Show,1/31/2017 0:00,,,,,0,,,Owner,,Jay Modglin,12712N,MODGLIN REAL ESTATE GROUP,M1657,,,,,,,,,39.857082,-105.101812,41,,,,,,,,,,,,,,,,,,,,,,,,,,,,,,,
6198776,9/22/2016 13:21,Rental,Leased,1650,7079,,Estes,Drive,Lower Level,,Arvada,CO,80004,Jefferson,39-031-02-006,,Lower Level SIngle Family Home,,2,3,0,2,0,0,0,3,0,0,,2328,2400,,,0.69,0.71,,,2,0,0,2,0,0,,Agent Owner,,Cable Available,,Shared Laundry in Building,"Carpet, Tile Floor","Cook Top, Dishwasher, Disposal",1,,,Hot Water,Gas,Air Conditioning-Central,,,Broker Owned Walk-out Level Available - Adjacent to Majestic View Park - Arvada,$350 Rental referral fee to Broker,Full,97,,,Walk-Out,,2400,,,,,Raised Ranch,,,Contemporary,,,,1980,,1,,,,,,,Jefferson R-1,,,,,,,,,,,,,,,,,,,,,,,,Adjacent to Park,,,South,,,,,FALSE,FALSE,,,,,,,,,,,,,,,Landlord,,,,,,,20%,,,,,,,,,29,29,8/24/2016 0:00,1750,David Talley,9956,720-974-5900,dave@mbpros.net,MB Talley & Associates,M2864,720-974-5900,303-908-4725,dave@mbpros.net,,9/22/2016 0:00,,,,,50,,,,,,,,,,,,,,,,,39.825715,-105.094851,20,,,,,,,,,,,,,,,,,,,,,,,,,,,,,,,
6661025,8/16/2016 11:39,Rental,Leased,1595,12223,,Bannock,Circle,D,,Westminster,CO,80234,Adams,R0117584,,Meadows At Front Range,,3,2,0,0,1,2,0,0,0,2,1242,1242,1242,,,1.28,1.28,1.28,,1,1,0,0,0,0,,,,"Cable Available, Double Pane Windows, Eating Space / Kitchen, Vaulted, Window Coverings",,Washer/Dryer Included,"Carpet, Laminate","Dishwasher, Disposal, Dryer, Refrigerator (Kitchen), Stove/Range/Oven, Washer",,,,Forced Air,Gas,Air Conditioning-Central,,"Deck, Front Porch, Maintenance Free Exterior","Very well cared for  2 bedroom 2 1/2 bath corner unit Townhome, with detached one car garage.  Washer and dryer hook ups in the basement.  Laminate wood floors on main level.  Enjoy the ambiance of the fireplace in the living room.  There is also a very nice deck area between the townhome  and garage.  The unit also has air conditioning.","No Pets Allowed. Please review rental Criteria before showing your rental client. Rental Criteria Link: http://modglinre.com/application-criteria NO PETS!!! $42 Per Applicant. Anyone over 18 years old needs to apply. To apply online visit: https://app.propertyware.com/pw/portals/modglinrealestategroup/tenantApplication.action Please review rental criterial before viewing the property and applying. http://modglinre.com/application-criteria/ Deposit: 1 Month's Rent Renter's Insurance Required $300,000 Minimum Liability Coverage",,,FALSE,,Cellar,,,,,,,Townhouse,,,Quadplex (1 unit),,,,1999,TRUE,3,,,Side-by-Side,Arapahoe Ridge,Silver Hills,Mountain Range,Adams 12 5 Star Schl,,,,,,,,,,,,,,,,,,,,,,,No Animals,,,,,,,,,,,,,,,,,,,,,,,,,Modglin Real Estate Group,,,,Tenants personal Items,,,$250 ,,,,,,,,,39,39,7/8/2016 0:00,1595,Jay Modglin,12712N,303-952-5059,jay@modglinre.com,MODGLIN REAL ESTATE GROUP,M1657,303-952-5059,303-472-2150,jay@jaymodglin.com,Please schedule all showings with leasing agent,8/15/2016 0:00,,,,,0,None,,Owner,,,,,,,,,,,,,,39.917227,-104.990718,58,,,,,,,,,,,,,,,,,,,,,,,,,,,,,,,
5042001,2/22/2017 13:24,Rental,Leased,1595,3023,W,107th,Place,E,,Westminster,CO,80031,Adams,,,Autumn Chase,,3,2,0,0,1,2,0,0,0,2,1088,1088,1088,,,1.47,1.47,1.47,,2,0,0,0,2,0,,,,"Cable Available, Double Pane Windows, Eating Space / Kitchen, Master Bath, Master Suite, Pool, Indoor, Smoke Free",,Washer/Dryer Included,"Carpet, Laminate","Dishwasher, Disposal, Dryer, Microwave Oven, Refrigerator (Kitchen), Stove/Range/Oven, Washer",,,,Forced Air,Gas,Air Conditioning-Central,,Deck,Terrific Townhome located in Westminster.  Easy access to I-25 or I-36.  Lives like a double master with each bedroom having their own attached baths.  Backs to open space.  Property comes with washer and dryer.  Two reserved parking spaces.,"Tenant occupied.  Please allow 24 hour notice for showings.  Property is available for lease January 20, 2017",None,,,,,,,,,,,Townhouse,,,Traditional,,,,1997,FALSE,2,,,Side-by-Side,Cotton Creek,Silver Hills,Northglenn,Adams 12 5 Star Schl,,,,,,,,,,,,,,,,,,,,,,,"Cats OK, Dogs OK",Adjacent to Open Space,,,,,,,,FALSE,FALSE,,,,,,,,,,,,,,,Modglin Real Estate Group,,,,Tenants personal items,,,$250 ,,,,,,,,,72,72,12/12/2016 0:00,1595,Jay Modglin,12712N,303-952-5059,jay@modglinre.com,MODGLIN REAL ESTATE GROUP,M1657,303-952-5059,303-472-2150,jay@jaymodglin.com,Please allow 24 hour notice for showings.,2/18/2017 0:00,,,,,0,None,,Owner,,,,,,,,,,,,,,39.891097,-105.026645,27,,,,,,,,,,,,,,,,,,,,,,,,,,,,,,,
4348916,4/10/2016 8:08,Rental,Leased,1550,11041,,Huron,Street,705,,Northglenn,CO,80234,Adams,R0108990,The Pinnacle,,,2,2,0,0,2,0,0,0,2,0,1537,1537,1537,,,,,,,1,1,0,0,0,0,,,,"Cable Available, Double Pane Windows, Eating Space / Kitchen, Master Bath, Open Floor Plan, Smoke Free, Vaulted",,Washer/Dryer Included,"Carpet, Vinyl/Linoleum, Wood Floors","Dishwasher, Disposal, Dryer, Microwave Oven, Refrigerator (Kitchen), Smoke Alarm, Stove/Range/Oven, Washer",,,,Forced Air,Gas,"Air Conditioning-Central, Ceiling Fan",,Balcony,Great 2 bedroom 2 bath condo with Loft.  Hardwood floors and washer/dry included.  Attached garage.,Vacant and easy to show.  Ready to move in.,None,,,,,,,,,,,Condominium,,,A-Frame,,,,1996,TRUE,2,2,,Low Rise (1-3),Westview,Silver Hills,Northglenn,Adams 12 5 Star Schl,,,,,,,,,,,,,,,,,,,,,,,"Cats OK, Dogs OK",,,,North,,,,,FALSE,,,,,,,,,,Public,,,,Public,,Modglin Real Estate Group,,,,,,,$250.00 ,,,,,,,,,47,47,2/23/2016 0:00,1695,Jay Modglin,12712N,303-952-5059,jay@modglinre.com,MODGLIN REAL ESTATE GROUP,M1657,303-952-5059,303-573-7469,,Vacant easy to show.  Ready to move in.,4/2/2016 0:00,,,,,0,None,,,,,,,,,,,,,,,,39.897459,-104.997561,52,,,,,,,,,,,,,,,,,,,,,,,,,,,,,,,
4581175,2/2/2017 10:23,Rental,Leased,2150,12765,,Elm,Lane,,,Broomfield,CO,80020,Broomfield,,,Willow Run,,3,3,0,0,1,2,0,0,0,3,1677,2204,2204,,,0.57,0.57,0.75,,2,2,0,0,0,0,,,,"Cable Available, Double Pane Windows, Five Piece Bath, Master Bath, Master Suite, Open Floor Plan, Vaulted, Walk-in Closets",,Washer/Dryer Included,"Carpet, Wood Floors","Cook Top, Dishwasher, Disposal, Dryer, Microwave Oven, Refrigerator (Kitchen), Self-Cleaning Oven, Smoke Alarm, Washer",2,,,Forced Air,Gas,Air Conditioning-Central,,"Dog Run, Fence, Gas Grill, Patio, Professional Landscaping, Utility Shed, Yard","Slab Granite Countertops in Kitchen and SS appliances**Patio with Fire Pit**Finished Basement provides Flex Space for Playroom for Kids and Adults**Lots of Custom touches:  Professional Landscaping, French Doors, Remote Controlled Awning, NEST Thermostat Control, Storage Shed in Yard, Dimmer and Sensors on many of the light switches.   All this makes this a perfect home for Entertaining!",,Partial,40,TRUE,,,,,839,838,,,2 Story,,,Traditional,,,,1995,,,,,,Mountain View,Westlake,Legacy,Adams 12 5 Star Schl,,,,,,,,,,,,,,,,,,,,,,,Dogs OK,,,,,,,,,FALSE,,,,,,,,,,,,,,,,PRE Property Management LLC,,,,,,,$200 ,,,,,,,,I-25 to 120th St.  West to Huron. R (north) to 128th. Left (west) to Willow Run Pkwy.  First R onto Fernwood.  Left on Elm.  House on Right.,66,66,11/28/2016 0:00,2300,Don Bobeda,327895,303-688-6644,bobedateam@bhhspre.com,Berkshire Hathaway Preferred Real Estate,BHPRE,303-688-6644,303-688-6644,mgr@premgt.com,,1/10/2017 0:00,,,,,0,,,,,,,,,,,,,,,,,39.927403,-105.024784,28,,,,,,,,,,,,,,,,,,,,,,,,,,,,,,,
7872438,4/27/2016 19:15,Rental,Leased,1200,7387,,Lowell,Boulevard,A,,Westminster,CO,80030,Adams,R0164969,,,,2,3,0,0,1,1,0,0,1,2,,1412,1412,,,0.85,0.85,,,1,1,0,0,0,0,,,,"Cable Available, Handicap Accessible, Internet Access (Wired), Master Bath, Smoke Free, Updated, Window Coverings",,Washer/Dryer Included,"Carpet, Vinyl/Linoleum","Dishwasher, Disposal, Dryer, Refrigerator (Kitchen), Smoke Alarm, Stove/Range/Oven, Washer",,,,Forced Air,"Electric, Gas",Air Conditioning-Central,,"Maintenance Free Exterior, Professional Landscaping, Sprinkler System",Great townhome for cheap!  Available May 5.,,None,,,,,,,,,,,Townhouse,,,Traditional,,,,2005,TRUE,2,,,Side-by-Side,Westminster,Shaw Heights,Westminster,Westminster Public Schools,,,,,,,,,,,,,,,,,,,,,,,"Cats OK, Dogs OK",Near Public Transit,,,East,,,,,,,,,,,,,,,,,,,,,,,,,,,,$1 ,,,,,,,,,4,4,4/23/2016 0:00,1200,Charity Timmens,04203P,303-517-9897,cdtimmens@kw.com,KELLER WILLIAMS AVENUES REALTY,KWAVE,720-484-8600,303-517-9897,,24 hour notice to show to get in touch with tenants,4/26/2016 0:00,,,,,0,,,Owner,,Charity Timmens,04203p,KELLER WILLIAMS AVENUES REALTY,KWAVE,,,,,,,,,39.830695,-105.034622,72,,,,,,,,,,,,,,,,,,Blocks,,,,,,,,,,,,,
3056081,3/3/2016 16:08,Rental,Leased,1095,8695,,Yukon,Street,O,,Arvada,CO,80005,Jefferson,173119,Mountain Vista,,,1,2,0,0,1,0,0,0,2,0,1011,1011,1011,,,,,,,1,0,0,0,1,0,,,,Cable Available,,Washer/Dryer Included,"Carpet, Tile Floor","Dishwasher, Disposal, Dryer, Refrigerator (Kitchen), Self-Cleaning Oven, Smoke Alarm, Washer",1,,,Forced Air,Gas,Air Conditioning-Central,,Balcony,"Double pane windows, wood burning fireplace in Living Room, stackable washer & dryer, open parking must use permit tag, near strip mall, bike trail, 2nd floor balcony, pool, tennis court, and club house",call our office to set up a time that we can show it.,None,0,FALSE,0,,,0,1011,0,,,,,,,,,,1983,,,,,,Weber,Moore,Pomona,Jefferson R-1,,,,,,,,,,,,,,,,,,,,,,,Dogs OK,,,,,,,,,,,,,,,,,,,,,,,Public,,Jericho Properties Realty,,,,,,,25%,,,,,,,,,9,9,2/23/2016 0:00,1095,Rocky Germano,936605,303-902-1202,RockGermano@Gmail.com,JERICHO PROPERTIES,1247,303-234-0546,303-234-0546,,Call the office for more information and we will show the property.,3/3/2016 0:00,,,,,0,,,,,,,,,,,,,,,,,39.853255,-105.082934,56,,,,,,,,,,,,,,,,,,,,,,,,,,,,,,,
8902498,10/10/2016 9:00,Rental,Leased,950,10211,,Ura,Lane,205,,Thornton,CO,80260,Adams,,,ViewPoint Bravado Condominiums,,1,1,0,0,1,0,0,0,1,0,,744,744,,,1.28,1.28,,,1,0,0,0,1,0,,Agent Owner,,"Open Floor Plan, Remodeled, Smoke Free",,"Shared Laundry in Building, Coin-operated","Carpet, Vinyl/Linoleum","Dishwasher, Disposal, Refrigerator (Kitchen), Self-Cleaning Oven, Smoke Alarm",,,,Forced Air,,Air Conditioning-Central,,"Balcony, Deck, Playground Area, Satellite Dish","Newly Remodeled Large 1 Bedroom 1 Bathroom at Viewpoint Bravado. New Carpet, New Paint, New Appliances.","Please set up listing through CSS online link in Matrix.  Photos are of property before remodel.  Now has new carpet, paint, appliances",,,,,,,,744,,,,Ranch/1 Story,,,,,,,1973,,1,2,,Low Rise (1-3),Hillcrest,Silver Hills,Northglenn,Adams 12 5 Star Schl,,,,,,,,,,,,,,,,,,,,,,,No Animals,,,,,Mountain View,,,,,,,,,,,,,,,,,,,,CS Properties Limited,,,,,,,$200 ,,,,,,,,,57,57,8/14/2016 0:00,950,Cynthia Stearns,323135,303-931-4332,cynthia@copp1.com,Cherry Creek Realty,CCR10,303-931-4332,303-931-4332,cynthia@copp1.com,Best way to set up showings is through CSS Online Link in Matrix.  2nd best way is to text your information to 303-931-4332. Please try to give 2 hours advance notice.,10/7/2016 0:00,,,,,0,,,,,,,,,,,,,,,,,39.882081,-105.013372,34,,,,,,,,,,,,,,,,,,,,,,,,,,,,,,,
3381173,12/11/2016 15:12,Rental,Leased,700,5731,,W 92nd,Avenue,107,,Westminster,CO,80031,Jefferson,,,Madison Hill,,1,1,0,1,0,0,0,1,0,0,1600,1600,1600,,,0.44,0.44,0.44,,2,0,0,0,2,0,,Agent Owner,,"Double Pane Windows, Eating Space / Kitchen, Fully Furnished, Internet Access (Wired), Pet Free, Remodeled, Smoke Free, Updated, Walk-in Closets",,"Washer/Dryer Included, W/D Hookups in Unit","Carpet, Laminate","Central Vacuum, Dishwasher, Disposal, Dryer, Microwave Oven, Refrigerator (Kitchen), Refrigerator (Other), Smoke Alarm, Stove/Range/Oven, Washer",,,,Forced Air,Gas,"Air Conditioning-Central, Ceiling Fan",,"Deck, Fence","Renting by the Room. Other 3 bedrooms have tenants. Common areas are shared. Rent is negotiable. Located in great area of Westminster, convenient transportation. Flexible month-to-month lease. There are two bathrooms in the townhouse and two fridges. Living room and kitchen are furnished. High-speed internet and a Smart TV (w/ built-in Netflix app, etc.) is provided by owner. Rent of $700 rent includes all utilities. Off-street parking spots within Townhouse complex. No pets, no smoking, no drugs allowed. Updated 4BR in this bi-level townhome with newer furnace and A/C, newer windows, newer deck, newer security screen door and newer front door. Enjoy your new flooring including new carpet and new wood-like laminate throughout most of the home. The sunny, eat-in kitchen has a new disposal and all appliances stay. Walk out onto your private deck for al fresco dining!",Need 48 hour advanced notice for showings. I will provide provide access. Property currently has 3 other tenants.,None,,,,,,800,,800,,,Townhouse,,,5+ Plex (1 unit),,,,1974,FALSE,2,,,Side-by-Side,Adams,Mandalay,Standley Lake,Jefferson R-1,,,,,,,,,,,,,,,,,,,,,,,No Animals,"Adjacent to Greenbelt, Near Public Transit",,,South,,,,,FALSE,FALSE,,,,,,,,,,,,,,,Landlord,,,,,,,50%,,,,,,,,"From 92nd Ave and Sheridan Blvd. West on 92nd Ave, first Right (North) on 5800 W, Right at stop sign and follow back to Unit #107. Multiple guest parking spots available. Or, reserved parking spaces #107 and #107 in back on north side of building and walk around building to lockbox on front door.",4,4,12/7/2016 0:00,700,Obiefule Ezeadi,55040516,609-903-9363,oezeadi@gmail.com,Brokers Guild Classic,BG003,303-752-0007,6099039363,oezeadi@gmail.com,Call Landlord to set up showing.,12/11/2016 0:00,,,,,0,None,,Other,,Obiefule Ezeadi,55040516,Brokers Guild Classic,BG003,,,,,,,,,39.865717,-105.059098,51,,,,,,,,,,,,,,,,,,,,,,,,,,,,,,,
